country,year,gov_exp_usd,country_code,total_payout,payout_dummy,log_gov_exp,log_total_payout_plus1,payout_dummy_lag1
Belize,1980,30598844.00000005,BLZ,0.0,0,17.236472788431236,0.0,
Belize,1981,32356136.00000004,BLZ,0.0,0,17.292314236350116,0.0,0.0
Belize,1982,34214348.49999996,BLZ,0.0,0,17.348155660831313,0.0,0.0
Belize,1983,36179279.00000004,BLZ,0.0,0,17.403997109595764,0.0,0.0
Belize,1984,38257055.00000007,BLZ,0.0,0,17.45983854567348,0.0,0.0
Belize,1985,40454157.49999992,BLZ,0.0,0,17.515679977398516,0.0,0.0
Belize,1986,42777439.5,BLZ,0.0,0,17.571521407092366,0.0,0.0
Belize,1987,45234147.99999997,BLZ,0.0,0,17.62736284629168,0.0,0.0
Belize,1988,47831944.99999984,BLZ,0.0,0,17.68320427968438,0.0,0.0
Belize,1989,50578933.99999983,BLZ,0.0,0,17.739045723460077,0.0,0.0
Belize,1990,44458704.12893884,BLZ,0.0,0,17.610071319178083,0.0,0.0
Belize,1991,49713200.00000003,BLZ,0.0,0,17.7217810493645,0.0,0.0
Belize,1992,90832199.99999976,BLZ,0.0,0,18.3245244062574,0.0,0.0
Belize,1993,95668300.00000034,BLZ,0.0,0,18.376397558080775,0.0,0.0
Belize,1994,102958300.0,BLZ,0.0,0,18.449834609849322,0.0,0.0
Belize,1995,110408499.99999958,BLZ,0.0,0,18.519697681597098,0.0,0.0
Belize,1996,117403000.00000031,BLZ,0.0,0,18.581123018694477,0.0,0.0
Belize,1997,132409099.9999998,BLZ,0.0,0,18.70140693022313,0.0,0.0
Belize,1998,142972999.99999967,BLZ,0.0,0,18.778166359208292,0.0,0.0
Belize,1999,150340050.00000012,BLZ,0.0,0,18.82841028629303,0.0,0.0
Belize,2000,163172600.00000036,BLZ,0.0,0,18.910319094241956,0.0,0.0
Belize,2001,176115000.0000004,BLZ,0.0,0,18.98664774871456,0.0,0.0
Belize,2002,191894849.99999943,BLZ,0.0,0,19.072458123723592,0.0,0.0
Belize,2003,202745299.9999996,BLZ,0.0,0,19.127461069433398,0.0,0.0
Belize,2004,209722900.00000063,BLZ,0.0,0,19.161297693534095,0.0,0.0
Belize,2005,214542300.00000063,BLZ,0.0,0,19.184017479687636,0.0,0.0
Belize,2006,217606950.0000004,BLZ,0.0,0,19.19820101177425,0.0,0.0
Belize,2007,244890249.99999923,BLZ,0.0,0,19.316320708961637,0.0,0.0
Belize,2008,256546449.99999952,BLZ,0.0,0,19.362820297797924,0.0,0.0
Belize,2009,272706450.0000008,BLZ,0.0,0,19.423906499901342,0.0,0.0
Belize,2010,285738750.0000007,BLZ,0.0,0,19.470588489785435,0.0,0.0
Belize,2011,298276200.00000066,BLZ,0.0,0,19.51353046085106,0.0,0.0
Belize,2012,306948650.0000003,BLZ,0.0,0,19.542191027717667,0.0,0.0
Belize,2013,334945649.9999994,BLZ,0.0,0,19.629478837821228,0.0,0.0
Belize,2014,347746499.99999976,BLZ,0.0,0,19.666984324015523,0.0,0.0
Belize,2015,376817650.0000008,BLZ,0.0,0,19.747271941395343,0.0,0.0
Belize,2016,405790250.0000006,BLZ,261073.0,1,19.82134695845325,12.472559171023455,0.0
Belize,2017,426502700.0000012,BLZ,0.0,0,19.871129255473864,0.0,1.0
Belize,2018,444904699.9999992,BLZ,0.0,0,19.91337065989219,0.0,0.0
Belize,2019,448099799.9999997,BLZ,0.0,0,19.920526533427328,0.0,0.0
Belize,2020,353803399.99999946,BLZ,203136.0,1,19.684251949592905,12.221635907244243,0.0
Belize,2021,403832600.0000011,BLZ,0.0,0,19.816510993620433,0.0,1.0
Belize,2022,449884400.00000113,BLZ,455000.0,1,19.924501218838152,13.02805489573287,0.0
Belize,2023,482889300.00000095,BLZ,0.0,0,19.99529799280164,0.0,1.0
Belize,2024,510741350.0000011,BLZ,0.0,0,20.051373855639984,0.0,0.0
Cote d'Ivoire,1960,43358329.16988015,CIV,0.0,0,17.585009380448238,0.0,
Cote d'Ivoire,1961,54847017.88144902,CIV,0.0,0,17.820058374592154,0.0,0.0
Cote d'Ivoire,1962,61100769.76831811,CIV,0.0,0,17.928035022561943,0.0,0.0
Cote d'Ivoire,1963,71726262.46482624,CIV,0.0,0,18.088367521138302,0.0,0.0
Cote d'Ivoire,1964,92384057.27260034,CIV,0.0,0,18.341464981385293,0.0,0.0
Cote d'Ivoire,1965,99159008.3468792,CIV,0.0,0,18.41223526454555,0.0,0.0
Cote d'Ivoire,1966,109899756.89238092,CIV,0.0,0,18.51507920729116,0.0,0.0
Cote d'Ivoire,1967,118698730.32760552,CIV,0.0,0,18.59209916304085,0.0,0.0
Cote d'Ivoire,1968,143800841.4075395,CIV,0.0,0,18.78393985446873,0.0,0.0
Cote d'Ivoire,1969,166179045.28861406,CIV,0.0,0,18.928576351140762,0.0,0.0
Cote d'Ivoire,1970,197537598.1351471,CIV,0.0,0,19.101439494491867,0.0,0.0
Cote d'Ivoire,1971,252400148.00161445,CIV,0.0,0,19.346526275008397,0.0,0.0
Cote d'Ivoire,1972,288459700.8882686,CIV,0.0,0,19.480065949192902,0.0,0.0
Cote d'Ivoire,1973,395263298.6231561,CIV,0.0,0,19.79506267959323,0.0,0.0
Cote d'Ivoire,1974,497289885.1301044,CIV,0.0,0,20.024683683904627,0.0,0.0
Cote d'Ivoire,1975,661649379.9486636,CIV,0.0,0,20.310246336053993,0.0,0.0
Cote d'Ivoire,1976,754549623.9903167,CIV,0.0,0,20.441631604705623,0.0,0.0
Cote d'Ivoire,1977,853550401.9915174,CIV,0.0,0,20.564915151755155,0.0,0.0
Cote d'Ivoire,1978,1286915439.288839,CIV,0.0,0,20.97551405966354,0.0,0.0
Cote d'Ivoire,1979,1663206379.6949613,CIV,0.0,0,21.232013130296153,0.0,0.0
Cote d'Ivoire,1980,1715262935.8765998,CIV,0.0,0,21.262832221192653,0.0,0.0
Cote d'Ivoire,1981,1485290020.5115342,CIV,0.0,0,21.118875890140277,0.0,0.0
Cote d'Ivoire,1982,1316164896.8986602,CIV,0.0,0,20.997987963594674,0.0,0.0
Cote d'Ivoire,1983,1152818556.8865511,CIV,0.0,0,20.86547569974986,0.0,0.0
Cote d'Ivoire,1984,1037402630.218714,CIV,0.0,0,20.759985955273304,0.0,0.0
Cote d'Ivoire,1985,982943220.271644,CIV,0.0,0,20.70606191476631,0.0,0.0
Cote d'Ivoire,1986,1385480279.019441,CIV,0.0,0,21.04931268832944,0.0,0.0
Cote d'Ivoire,1987,1643726839.7979455,CIV,0.0,0,21.22023196393432,0.0,0.0
Cote d'Ivoire,1988,1753913479.3349168,CIV,0.0,0,21.28511540204858,0.0,0.0
Cote d'Ivoire,1989,1781144896.1708646,CIV,0.0,0,21.30052219458187,0.0,0.0
Cote d'Ivoire,1990,1813675580.4059415,CIV,0.0,0,21.318621330531606,0.0,0.0
Cote d'Ivoire,1991,1716725049.084134,CIV,0.0,0,21.263684271550872,0.0,0.0
Cote d'Ivoire,1992,1945281262.414311,CIV,0.0,0,21.3886724114872,0.0,0.0
Cote d'Ivoire,1993,1709265425.5702448,CIV,0.0,0,21.259329539476994,0.0,0.0
Cote d'Ivoire,1994,999631322.6428434,CIV,0.0,0,20.72289709161105,0.0,0.0
Cote d'Ivoire,1995,1166922084.8149014,CIV,0.0,0,20.877635422653373,0.0,0.0
Cote d'Ivoire,2015,4282729872.5066814,CIV,0.0,0,22.177856463898088,0.0,0.0
Cote d'Ivoire,2016,4775520056.454412,CIV,0.0,0,22.28676871729506,0.0,0.0
Cote d'Ivoire,2017,5392170159.048356,CIV,0.0,0,22.408213767745494,0.0,0.0
Cote d'Ivoire,2018,5879954679.628207,CIV,0.0,0,22.49481489128102,0.0,0.0
Cote d'Ivoire,2019,6538044028.880542,CIV,738540.0,1,22.600903879529906,13.512431897354281,0.0
Cote d'Ivoire,2020,7135764185.232412,CIV,0.0,0,22.688385185886673,0.0,1.0
Cote d'Ivoire,2021,7252281760.247074,CIV,0.0,0,22.70458198184862,0.0,0.0
Cote d'Ivoire,2022,6715708355.772735,CIV,0.0,0,22.627715149931834,0.0,0.0
Cote d'Ivoire,2023,7482045877.164168,CIV,0.0,0,22.735772104524802,0.0,0.0
Cote d'Ivoire,2024,8100360407.181721,CIV,0.0,0,22.815174392348737,0.0,0.0
Guatemala,1960,79900000.00000003,GTM,0.0,0,18.196286410736505,0.0,
Guatemala,1961,83100000.00000003,GTM,0.0,0,18.235555259825677,0.0,0.0
Guatemala,1962,77199999.99999997,GTM,0.0,0,18.161910014995005,0.0,0.0
Guatemala,1963,83400000.0,GTM,0.0,0,18.239158867328975,0.0,0.0
Guatemala,1964,89600000.00000003,GTM,0.0,0,18.310865877945158,0.0,0.0
Guatemala,1965,97900000.0,GTM,0.0,0,18.399457107500737,0.0,0.0
Guatemala,1966,104999999.99999996,GTM,0.0,0,18.469470908121796,0.0,0.0
Guatemala,1967,112600000.00000004,GTM,0.0,0,18.539352273669863,0.0,0.0
Guatemala,1968,115300000.0,GTM,0.0,0,18.563047985239287,0.0,0.0
Guatemala,1969,134500000.0,GTM,0.0,0,18.717074757006166,0.0,0.0
Guatemala,1970,151400000.00000003,GTM,0.0,0,18.835435898967624,0.0,0.0
Guatemala,1971,139300000.00000006,GTM,0.0,0,18.752140438750036,0.0,0.0
Guatemala,1972,156700000.00000006,GTM,0.0,0,18.86984370732625,0.0,0.0
Guatemala,1973,166600000.00000003,GTM,0.0,0,18.931106287697016,0.0,0.0
Guatemala,1974,206599999.99999985,GTM,0.0,0,19.14629511464981,0.0,0.0
Guatemala,1975,250300000.00000015,GTM,0.0,0,19.338170756402004,0.0,0.0
Guatemala,1976,297300000.0,GTM,0.0,0,19.510252287968328,0.0,0.0
Guatemala,1977,354500000.00000006,GTM,0.0,0,19.686218903936457,0.0,0.0
Guatemala,1978,434600000.00000006,GTM,0.0,0,19.889936625786603,0.0,0.0
Guatemala,1979,488000000.00000006,GTM,0.0,0,20.005825963817422,0.0,0.0
Guatemala,1980,627000000.0000004,GTM,0.0,0,20.256457098597195,0.0,0.0
Guatemala,1981,680000000.0,GTM,0.0,0,20.337603356134426,0.0,0.0
Guatemala,1982,674999999.9999998,GTM,0.0,0,20.330223248836802,0.0,0.0
Guatemala,1983,688000000.0000004,GTM,0.0,0,20.349299395897617,0.0,0.0
Guatemala,1984,725899999.9999995,GTM,0.0,0,20.402922822255068,0.0,0.0
Guatemala,1985,676000000.0,GTM,0.0,0,20.331703634007237,0.0,0.0
Guatemala,1986,513196347.0319636,GTM,0.0,0,20.056169072660087,0.0,0.0
Guatemala,1987,559839999.9999999,GTM,0.0,0,20.143161586583652,0.0,0.0
Guatemala,1988,625877900.763359,GTM,0.0,0,20.254665863336392,0.0,0.0
Guatemala,1989,664062499.9999995,GTM,0.0,0,20.31388682951711,0.0,0.0
Guatemala,1990,503705282.3625351,GTM,0.0,0,20.03750189778127,0.0,0.0
Guatemala,1991,510053928.5089323,GTM,0.0,0,20.050027020266715,0.0,0.0
Guatemala,1992,670808005.9876653,GTM,0.0,0,20.3239935228267,0.0,0.0
Guatemala,1993,724620579.011505,GTM,0.0,0,20.40115873653467,0.0,0.0
Guatemala,1994,723587994.9248837,GTM,0.0,0,20.399732720586154,0.0,0.0
Guatemala,1995,807506797.9210404,GTM,0.0,0,20.50946203150372,0.0,0.0
Guatemala,1996,796330099.1594439,GTM,0.0,0,20.495524355281926,0.0,0.0
Guatemala,1997,889021224.6648107,GTM,0.0,0,20.605631667956747,0.0,0.0
Guatemala,1998,1101171650.193921,GTM,0.0,0,20.819640586435224,0.0,0.0
Guatemala,1999,1158023370.7500043,GTM,0.0,0,20.869980397888384,0.0,0.0
Guatemala,2000,1350729387.3537834,GTM,0.0,0,21.023910570423045,0.0,0.0
Guatemala,2001,1880934029.79388,GTM,0.0,0,21.355034314770357,0.0,0.0
Guatemala,2002,2007811728.9080403,GTM,0.0,0,21.420311273876138,0.0,0.0
Guatemala,2003,2104215605.2840383,GTM,0.0,0,21.46720860056609,0.0,0.0
Guatemala,2004,2099943018.9104767,GTM,0.0,0,21.465176047455504,0.0,0.0
Guatemala,2005,2306993960.1338463,GTM,0.0,0,21.55921119807385,0.0,0.0
Guatemala,2006,2530333972.541873,GTM,0.0,0,21.651617135931215,0.0,0.0
Guatemala,2007,2953530330.611165,GTM,0.0,0,21.80626701403793,0.0,0.0
Guatemala,2008,3527458721.052354,GTM,0.0,0,21.983843539582335,0.0,0.0
Guatemala,2009,3840934013.187432,GTM,0.0,0,22.068981406570686,0.0,0.0
Guatemala,2010,4330529261.752409,GTM,0.0,0,22.18895560284276,0.0,0.0
Guatemala,2011,4855643178.054173,GTM,0.0,0,22.303407407372426,0.0,0.0
Guatemala,2012,5214059299.645555,GTM,0.0,0,22.374624525551,0.0,0.0
Guatemala,2013,5982211657.295163,GTM,0.0,0,22.512056178891175,0.0,0.0
Guatemala,2014,6511482556.203368,GTM,0.0,0,22.596833002447053,0.0,0.0
Guatemala,2015,6895258422.31328,GTM,0.0,0,22.654099827157683,0.0,0.0
Guatemala,2016,6896208284.35815,GTM,0.0,0,22.654237573499906,0.0,0.0
Guatemala,2017,7575824581.559504,GTM,0.0,0,22.748228038068916,0.0,0.0
Guatemala,2018,8154303875.496801,GTM,0.0,0,22.82181170769553,0.0,0.0
Guatemala,2019,8571533000.255466,GTM,0.0,0,22.87171243340212,0.0,0.0
Guatemala,2020,8915953999.469036,GTM,3628013.0,1,22.911108093132928,15.104195949085133,0.0
Guatemala,2021,9700626707.633482,GTM,0.0,0,22.995456329403055,0.0,1.0
Guatemala,2022,10985080425.96487,GTM,0.0,0,23.11980386419131,0.0,0.0
Guatemala,2023,11732866860.89617,GTM,0.0,0,23.185659873918432,0.0,0.0
Guatemala,2024,12337063864.351795,GTM,6376184.0,1,23.23587389067402,15.668080514087722,0.0
Haiti,2000,475782976.7071552,HTI,0.0,0,19.980472376939932,0.0,
Haiti,2001,466097140.9413555,HTI,0.0,0,19.959904627321485,0.0,0.0
Haiti,2002,486172068.4381327,HTI,0.0,0,20.00207316948798,0.0,0.0
Haiti,2003,401231281.4859125,HTI,0.0,0,19.81004858081793,0.0,0.0
Haiti,2004,446572071.9145165,HTI,0.0,0,19.917111360516863,0.0,0.0
Haiti,2005,463870965.3753738,HTI,0.0,0,19.9551169796524,0.0,0.0
Haiti,2006,522733658.0728904,HTI,0.0,0,20.074582634326482,0.0,0.0
Haiti,2007,708355277.0634624,HTI,0.0,0,20.378456329558542,0.0,0.0
Haiti,2008,849666413.9832447,HTI,0.0,0,20.560354376280998,0.0,0.0
Haiti,2009,810060101.455803,HTI,0.0,0,20.512619002206275,0.0,0.0
Haiti,2010,863169086.1394613,HTI,7753579.0,1,20.576121158175447,15.86366523015405,0.0
Haiti,2011,852386859.0628599,HTI,0.0,0,20.563551041672508,0.0,1.0
Haiti,2012,1019880645.1543844,HTI,0.0,0,20.742951442841328,0.0,0.0
Haiti,2013,1071665484.2969296,HTI,0.0,0,20.792479802667366,0.0,0.0
Haiti,2014,1160857535.6710253,HTI,0.0,0,20.872424823839197,0.0,0.0
Haiti,2015,1226253121.531019,HTI,0.0,0,20.92722911443165,0.0,0.0
Haiti,2016,1154987817.490487,HTI,23408834.0,1,20.867355633237256,16.968624073171103,0.0
Haiti,2017,1192026175.9134817,HTI,0.0,0,20.89892036500742,0.0,1.0
Haiti,2018,1355521987.8803585,HTI,0.0,0,21.027452448003714,0.0,0.0
Haiti,2019,1079859827.3023863,HTI,0.0,0,20.80009708012432,0.0,0.0
Haiti,2020,1060849292.9446572,HTI,7163958.0,1,20.782335644024293,15.78457331908662,0.0
Haiti,2021,1560159991.125296,HTI,39953272.0,1,21.168054211362755,17.50322115422995,1.0
Haiti,2022,1398333161.0993128,HTI,0.0,0,21.05854676502653,0.0,1.0
Haiti,2023,1234069605.3960876,HTI,0.0,0,20.933583167156566,0.0,0.0
Haiti,2024,1434217739.7089374,HTI,0.0,0,21.083885408398405,0.0,0.0
Honduras,1960,37600000.00000001,HND,0.0,0,17.442514608360124,0.0,
Honduras,1961,41600000.00000001,HND,0.0,0,17.543610725231492,0.0,0.0
Honduras,1962,39350000.0,HND,0.0,0,17.488006532827686,0.0,0.0
Honduras,1963,53100000.0,HND,0.0,0,17.787687486212167,0.0,0.0
Honduras,1964,56949999.99999999,HND,0.0,0,17.857684247857467,0.0,0.0
Honduras,1965,63149999.99999999,HND,0.0,0,17.961023406760773,0.0,0.0
Honduras,1966,66499999.99999998,HND,0.0,0,18.012712505626084,0.0,0.0
Honduras,1967,69999999.99999997,HND,0.0,0,18.064005800013632,0.0,0.0
Honduras,1968,75499999.99999999,HND,0.0,0,18.13964321421925,0.0,0.0
Honduras,1969,87250000.00000016,HND,0.0,0,18.284288119046813,0.0,0.0
Honduras,1970,99049999.99999972,HND,0.0,0,18.41113533110883,0.0,0.0
Honduras,1971,102899999.99999969,HND,0.0,0,18.449268200804276,0.0,0.0
Honduras,1972,109849505.67722416,HND,0.0,0,18.514621856805014,0.0,0.0
Honduras,1973,108449945.7750269,HND,0.0,0,18.50179929523728,0.0,0.0
Honduras,1974,142000000.00000048,HND,0.0,0,18.77133761556554,0.0,0.0
Honduras,1975,165950000.00000063,HND,0.0,0,18.92719709613026,0.0,0.0
Honduras,1976,204500000.00000063,HND,0.0,0,19.136078533447133,0.0,0.0
Honduras,1977,238699999.9999991,HND,0.0,0,19.290718091309056,0.0,0.0
Honduras,1978,270949999.9999995,HND,0.0,0,19.417444859976396,0.0,0.0
Honduras,1979,319599999.99999875,HND,0.0,0,19.58258077185639,0.0,0.0
Honduras,1980,419950000.0000011,HND,0.0,0,19.855646214535913,0.0,0.0
Honduras,1981,470749999.99999857,HND,0.0,0,19.969837725501534,0.0,0.0
Honduras,1982,484400000.00000095,HND,0.0,0,19.998421569643213,0.0,0.0
Honduras,1983,519499999.9999988,HND,0.0,0,20.068377368503555,0.0,0.0
Honduras,1984,556099999.9999995,HND,0.0,0,20.13645869215779,0.0,0.0
Honduras,1985,594849999.9999995,HND,0.0,0,20.203819830886808,0.0,0.0
Honduras,1986,697050000.0000014,HND,0.0,0,20.36236770216337,0.0,0.0
Honduras,1987,757449999.9999999,HND,0.0,0,20.445468086568606,0.0,0.0
Honduras,1988,736137339.055793,HND,0.0,0,20.416927261263147,0.0,0.0
Honduras,1989,649517241.3793086,HND,0.0,0,20.29173993934124,0.0,0.0
Honduras,1990,503161478.599224,HND,0.0,0,20.036421707556958,0.0,0.0
Honduras,1991,425433069.3851449,HND,0.0,0,19.868618194862645,0.0,0.0
Honduras,1992,503519525.6370631,HND,0.0,0,20.03713304918639,0.0,0.0
Honduras,1993,476588757.07862216,HND,0.0,0,19.982164532503045,0.0,0.0
Honduras,1994,431809532.8703259,HND,0.0,0,19.8834951528516,0.0,0.0
Honduras,1995,463826903.0239831,HND,0.0,0,19.955021986761018,0.0,0.0
Honduras,1996,485363175.675676,HND,0.0,0,20.000407984505205,0.0,0.0
Honduras,1997,521193916.3498093,HND,0.0,0,20.071632730755837,0.0,0.0
Honduras,1998,649785819.793207,HND,0.0,0,20.292153358543814,0.0,0.0
Honduras,1999,777212543.5540034,HND,0.0,0,20.471224414753177,0.0,0.0
Honduras,2000,963618445.9886312,HND,0.0,0,20.686205971307814,0.0,0.0
Honduras,2001,1123757618.245346,HND,0.0,0,20.839943923033328,0.0,0.0
Honduras,2002,1176816435.1552455,HND,0.0,0,20.886078693125466,0.0,0.0
Honduras,2003,1228042635.0290222,HND,0.0,0,20.928687385147676,0.0,0.0
Honduras,2004,1331349045.6335838,HND,0.0,0,21.009458585130364,0.0,0.0
Honduras,2005,1514543438.091766,HND,0.0,0,21.13837986949386,0.0,0.0
Honduras,2006,1638034362.9982767,HND,0.0,0,21.21676280078867,0.0,0.0
Honduras,2007,2052262226.714868,HND,0.0,0,21.442208546887105,0.0,0.0
Honduras,2008,2375834476.933103,HND,0.0,0,21.588614571429673,0.0,0.0
Honduras,2009,2727823615.6463814,HND,0.0,0,21.72676991781615,0.0,0.0
Honduras,2010,2839429270.022387,HND,0.0,0,21.76686890766438,0.0,0.0
Honduras,2011,2845043928.940217,HND,0.0,0,21.76884434515777,0.0,0.0
Honduras,2012,3001956184.542804,HND,0.0,0,21.82252997462905,0.0,0.0
Honduras,2013,3095710138.151733,HND,0.0,0,21.85328316366284,0.0,0.0
Honduras,2014,3029133339.540292,HND,0.0,0,21.83154238899993,0.0,0.0
Honduras,2015,3001210972.343572,HND,0.0,0,21.822281701614628,0.0,0.0
Honduras,2016,3065208882.252692,HND,0.0,0,21.843381554828962,0.0,0.0
Honduras,2017,3123027107.153873,HND,0.0,0,21.862068595054023,0.0,0.0
Honduras,2018,3240061134.444581,HND,0.0,0,21.898858035228372,0.0,0.0
Honduras,2019,3453412706.48569,HND,0.0,0,21.962628769349077,0.0,0.0
Honduras,2020,3657218094.9049454,HND,0.0,0,22.019968611990567,0.0,0.0
Honduras,2021,4411351206.0693,HND,0.0,0,22.207446875409598,0.0,0.0
Honduras,2022,4486411226.325853,HND,0.0,0,22.22431893766295,0.0,0.0
Honduras,2023,5129091560.414649,HND,0.0,0,22.35819439670808,0.0,0.0
Honduras,2024,5759662719.267444,HND,4665090.0,1,22.474144754257026,15.355617899040096,0.0
Lao PDR,1984,114285717.55102064,LAO,0.0,0,18.554212165148318,0.0,
Lao PDR,1985,206666660.0000004,LAO,0.0,0,19.146617715077237,0.0,0.0
Lao PDR,1986,153684210.1163431,LAO,0.0,0,18.850410471392532,0.0,0.0
Lao PDR,1987,90225395.02161445,LAO,0.0,0,18.317821486667132,0.0,0.0
Lao PDR,1988,65049029.8766365,LAO,0.0,0,17.990651849308684,0.0,0.0
Lao PDR,2000,111862553.8461537,LAO,0.0,0,18.53278147783332,0.0,0.0
Lao PDR,2001,114731128.20455034,LAO,0.0,0,18.55810193328882,0.0,0.0
Lao PDR,2002,156535359.4212987,LAO,0.0,0,18.868792481218396,0.0,0.0
Lao PDR,2003,154956976.50247255,LAO,0.0,0,18.858658065401784,0.0,0.0
Lao PDR,2004,183278849.10348225,LAO,0.0,0,19.026519316645683,0.0,0.0
Lao PDR,2005,223371654.25776592,LAO,0.0,0,19.224347553190746,0.0,0.0
Lao PDR,2006,261626132.32261136,LAO,0.0,0,19.38242706675781,0.0,0.0
Lao PDR,2007,334306320.0621151,LAO,0.0,0,19.62756825657242,0.0,0.0
Lao PDR,2008,423333864.9390045,LAO,0.0,0,19.86367170450944,0.0,0.0
Lao PDR,2009,780841570.0072563,LAO,0.0,0,20.47588283192163,0.0,0.0
Lao PDR,2010,848554099.1186332,LAO,0.0,0,20.55904439914305,0.0,0.0
Lao PDR,2011,1011927952.790682,LAO,0.0,0,20.735123212382767,0.0,0.0
Lao PDR,2012,1367545019.3651395,LAO,0.0,0,21.036283012643676,0.0,0.0
Lao PDR,2013,2046014173.7776268,LAO,0.0,0,21.439159432006896,0.0,0.0
Lao PDR,2014,2015862383.3492904,LAO,0.0,0,21.424312922598027,0.0,0.0
Lao PDR,2015,2179343404.3651886,LAO,0.0,0,21.502289477722222,0.0,0.0
Lao PDR,2016,2223126531.6353703,LAO,0.0,0,21.522180389622786,0.0,0.0
Malawi,2017,2023572022.772325,MWI,8100000.0,1,21.42813011481323,15.90737474309945,
Malawi,2018,2201281748.8399096,MWI,0.0,0,21.512305640766606,0.0,1.0
Malawi,2019,2475866279.638018,MWI,0.0,0,21.62985618370212,0.0,0.0
Malawi,2020,2464800844.250287,MWI,0.0,0,21.62537684776951,0.0,0.0
Malawi,2021,2578931508.408025,MWI,0.0,0,21.670641006070717,0.0,0.0
Malawi,2022,2660788392.011917,MWI,0.0,0,21.701888303800185,0.0,0.0
Malawi,2023,2544378892.8484097,MWI,0.0,0,21.657152407202528,0.0,0.0
Mauritania,1966,97821648.2468775,MRT,0.0,0,18.39865646272782,0.0,
Mauritania,1967,88191284.52938257,MRT,0.0,0,18.295018701234902,0.0,0.0
Mauritania,1968,83373023.3658516,MRT,0.0,0,18.238835354163125,0.0,0.0
Mauritania,1969,90162854.91562946,MRT,0.0,0,18.317128092185925,0.0,0.0
Mauritania,1970,89589932.64544433,MRT,0.0,0,18.31075351276462,0.0,0.0
Mauritania,1971,100303602.99879128,MRT,0.0,0,18.423712174508225,0.0,0.0
Mauritania,1972,155105930.48654673,MRT,0.0,0,18.859618863950566,0.0,0.0
Mauritania,1973,189558784.25229508,MRT,0.0,0,19.06020974151859,0.0,0.0
Mauritania,1974,218458319.96017072,MRT,0.0,0,19.20210579897278,0.0,0.0
Mauritania,1975,283886149.9736103,MRT,0.0,0,19.46408383537685,0.0,0.0
Mauritania,1976,417269631.7931687,MRT,0.0,0,19.84924316983238,0.0,0.0
Mauritania,1977,440264913.4360001,MRT,0.0,0,19.902887179692456,0.0,0.0
Mauritania,1978,432333642.6753315,MRT,0.0,0,19.884708169129695,0.0,0.0
Mauritania,1979,493816420.1122182,MRT,0.0,0,20.01767438687863,0.0,0.0
Mauritania,1980,544656631.2555996,MRT,0.0,0,20.11566611967905,0.0,0.0
Mauritania,1981,491787261.3432658,MRT,0.0,0,20.01355678530286,0.0,0.0
Mauritania,1982,407919178.151785,MRT,0.0,0,19.82657961998024,0.0,0.0
Mauritania,1983,441185643.4952648,MRT,0.0,0,19.904976305138913,0.0,0.0
Mauritania,1984,378772575.9768332,MRT,0.0,0,19.752446519550947,0.0,0.0
Mauritania,1985,336654697.801129,MRT,0.0,0,19.63456832741376,0.0,0.0
Mauritania,1986,321440652.36974907,MRT,0.0,0,19.588323488551453,0.0,0.0
Mauritania,1987,376929832.469143,MRT,0.0,0,19.747569607318162,0.0,0.0
Mauritania,1988,393895913.1861798,MRT,0.0,0,19.791597252630087,0.0,0.0
Mauritania,1989,420476954.6423303,MRT,0.0,0,19.85690023121987,0.0,0.0
Mauritania,1990,448572418.3403852,MRT,0.0,0,19.92158069430013,0.0,0.0
Mauritania,1991,404936065.6912006,MRT,0.0,0,19.819239750118356,0.0,0.0
Mauritania,1992,316532411.0115561,MRT,0.0,0,19.57293619876542,0.0,0.0
Mauritania,1993,254900123.61158377,MRT,0.0,0,19.356382354287707,0.0,0.0
Mauritania,1994,257806125.83451363,MRT,0.0,0,19.367718410151806,0.0,0.0
Mauritania,1995,256008734.95097065,MRT,0.0,0,19.36072212276396,0.0,0.0
Mauritania,1996,270826896.3641084,MRT,0.0,0,19.416990415946625,0.0,0.0
Mauritania,1997,256359211.8789892,MRT,0.0,0,19.362090190321073,0.0,0.0
Mauritania,1998,422346053.60273415,MRT,0.0,0,19.861335568191517,0.0,0.0
Mauritania,1999,407325475.8854723,MRT,0.0,0,19.825123118871453,0.0,0.0
Mauritania,2000,367387266.0321619,MRT,0.0,0,19.72192707046081,0.0,0.0
Mauritania,2001,356667895.1388832,MRT,0.0,0,19.69231564106081,0.0,0.0
Mauritania,2002,361000086.95838726,MRT,0.0,0,19.704388757179085,0.0,0.0
Mauritania,2003,395564639.01456,MRT,0.0,0,19.79582476801132,0.0,0.0
Mauritania,2004,461215517.8586913,MRT,0.0,0,19.949375992494552,0.0,0.0
Mauritania,2005,502651076.807228,MRT,0.0,0,20.035406803073883,0.0,0.0
Mauritania,2006,548205740.8786288,MRT,0.0,0,20.122161214012035,0.0,0.0
Mauritania,2007,640438584.865955,MRT,0.0,0,20.277663788467862,0.0,0.0
Mauritania,2008,778017897.5667522,MRT,0.0,0,20.47226008646258,0.0,0.0
Mauritania,2009,743162815.8285707,MRT,0.0,0,20.426425711688783,0.0,0.0
Mauritania,2010,761029564.3434557,MRT,0.0,0,20.450182764405714,0.0,0.0
Mauritania,2011,707285202.6404701,MRT,0.0,0,20.376944540877535,0.0,0.0
Mauritania,2012,812058448.5199937,MRT,0.0,0,20.5150828764714,0.0,0.0
Mauritania,2013,844161877.2437967,MRT,0.0,0,20.55385483185163,0.0,0.0
Mauritania,2014,898799240.2345362,MRT,0.0,0,20.61657025296416,0.0,0.0
Mauritania,2015,901458387.1761924,MRT,6300000.0,1,20.61952444000393,15.656060350091908,0.0
Mauritania,2016,860022947.9835191,MRT,0.0,0,20.572469630557592,0.0,1.0
Mauritania,2017,909943581.4250036,MRT,0.0,0,20.628893157119126,0.0,0.0
Mauritania,2018,970395907.7850184,MRT,2400000.0,1,20.693214698545876,14.690979711984754,0.0
Mauritania,2019,1049646378.9742806,MRT,0.0,0,20.771719162462816,0.0,1.0
Mauritania,2020,1015782364.7945672,MRT,0.0,0,20.738924955277554,0.0,0.0
Mauritania,2021,1380571230.0635064,MRT,0.0,0,21.045763185296764,0.0,0.0
Mauritania,2022,1605818329.4977672,MRT,0.0,0,21.196899326208044,0.0,0.0
Mauritania,2023,1768486520.9446952,MRT,0.0,0,21.293389944836175,0.0,0.0
Mauritania,2024,1729725500.094653,MRT,0.0,0,21.27122856240109,0.0,0.0
Nicaragua,1960,19918262.78635466,NIC,0.0,0,16.807147596797407,0.0,
Nicaragua,1961,20889891.47988331,NIC,0.0,0,16.854775938683606,0.0,0.0
Nicaragua,1962,22347320.986197483,NIC,0.0,0,16.922217005449927,0.0,0.0
Nicaragua,1963,21861514.759820405,NIC,0.0,0,16.900238331990856,0.0,0.0
Nicaragua,1964,24776377.349285893,NIC,0.0,0,17.02540123095534,0.0,0.0
Nicaragua,1965,45048722.96410608,NIC,0.0,0,17.623255194538167,0.0,0.0
Nicaragua,1966,52497658.74472019,NIC,0.0,0,17.776279131228787,0.0,0.0
Nicaragua,1967,61282783.24306158,NIC,0.0,0,17.931009500822494,0.0,0.0
Nicaragua,1968,62440324.814842366,NIC,0.0,0,17.949721855629402,0.0,0.0
Nicaragua,1969,65505745.14773185,NIC,0.0,0,17.997648408938105,0.0,0.0
Nicaragua,1970,74676034.80582923,NIC,0.0,0,18.128669779430485,0.0,0.0
Nicaragua,1971,80623036.11587006,NIC,0.0,0,18.20529497453077,0.0,0.0
Nicaragua,1972,82529357.2781698,NIC,0.0,0,18.228664633802808,0.0,0.0
Nicaragua,1973,88916801.1715921,NIC,0.0,0,18.303211672184574,0.0,0.0
Nicaragua,1974,117395717.95474036,NIC,0.0,0,18.581060990713013,0.0,0.0
Nicaragua,1975,143101205.24628875,NIC,0.0,0,18.779062666897143,0.0,0.0
Nicaragua,1976,171532614.9314888,NIC,0.0,0,18.960283981017017,0.0,0.0
Nicaragua,1977,198326433.04367277,NIC,0.0,0,19.10542488286012,0.0,0.0
Nicaragua,1978,250075580.7188885,NIC,0.0,0,19.337273753011722,0.0,0.0
Nicaragua,1979,279821344.1190928,NIC,0.0,0,19.449661900771183,0.0,0.0
Nicaragua,1980,423018508.9160227,NIC,0.0,0,19.86292649235593,0.0,0.0
Nicaragua,1981,542903866.6894163,NIC,0.0,0,20.112442821136955,0.0,0.0
Nicaragua,1982,575412769.2232193,NIC,0.0,0,20.170598200742365,0.0,0.0
Nicaragua,1983,865685109.5688936,NIC,0.0,0,20.57903178558629,0.0,0.0
Nicaragua,1984,1101718176.6333542,NIC,0.0,0,20.82013677688832,0.0,0.0
Nicaragua,1985,958904898.072771,NIC,0.0,0,20.681302460122932,0.0,0.0
Nicaragua,1986,1020161414.9998496,NIC,0.0,0,20.743226701722232,0.0,0.0
Nicaragua,1987,1318383925.6141238,NIC,0.0,0,20.9996725247015,0.0,0.0
Nicaragua,1988,847370836.5384388,NIC,0.0,0,20.55764898033964,0.0,0.0
Nicaragua,1989,270489436.525816,NIC,0.0,0,19.415743603827703,0.0,0.0
Nicaragua,1990,438903225.80645216,NIC,0.0,0,19.899789504384135,0.0,0.0
Nicaragua,1991,305958762.8865974,NIC,0.0,0,19.53896088902696,0.0,0.0
Nicaragua,1992,352680000.00000054,NIC,0.0,0,19.681071688183103,0.0,0.0
Nicaragua,1993,308937908.4967315,NIC,0.0,0,19.548650871293923,0.0,0.0
Nicaragua,1994,289389880.9523811,NIC,0.0,0,19.48328540594005,0.0,0.0
Nicaragua,1995,311221739.7078353,NIC,0.0,0,19.55601620550157,0.0,0.0
Nicaragua,1996,316451879.0752816,NIC,0.0,0,19.572681747152732,0.0,0.0
Nicaragua,1997,303577339.4454726,NIC,0.0,0,19.531146961192416,0.0,0.0
Nicaragua,1998,330328729.6621204,NIC,0.0,0,19.615598867087424,0.0,0.0
Nicaragua,1999,399544662.0234134,NIC,0.0,0,19.805836111724066,0.0,0.0
Nicaragua,2000,443344269.08282286,NIC,0.0,0,19.909857157311848,0.0,0.0
Nicaragua,2001,479656567.4604327,NIC,0.0,0,19.988580921327618,0.0,0.0
Nicaragua,2002,456816338.12996346,NIC,0.0,0,19.939791982150627,0.0,0.0
Nicaragua,2003,488830560.2456146,NIC,0.0,0,20.007526484828055,0.0,0.0
Nicaragua,2004,526237731.0209224,NIC,0.0,0,20.081263628714595,0.0,0.0
Nicaragua,2005,595984140.6342908,NIC,0.0,0,20.20572461500157,0.0,0.0
Nicaragua,2006,1025744146.3567612,NIC,0.0,0,20.748684182574465,0.0,0.0
Nicaragua,2007,1040630135.5784596,NIC,0.0,0,20.763092266211316,0.0,0.0
Nicaragua,2008,1175809363.213595,NIC,0.0,0,20.885222567171343,0.0,0.0
Nicaragua,2009,1203128629.3328433,NIC,0.0,0,20.908191192024212,0.0,0.0
Nicaragua,2010,1234716670.3603213,NIC,0.0,0,20.934107363994023,0.0,0.0
Nicaragua,2011,1329180752.4088552,NIC,0.0,0,21.0078286137567,0.0,0.0
Nicaragua,2012,1429054018.01291,NIC,0.0,0,21.080278536448347,0.0,0.0
Nicaragua,2013,1511492145.457521,NIC,0.0,0,21.136363175648633,0.0,0.0
Nicaragua,2014,1696477057.9647038,NIC,0.0,0,21.25181961894045,0.0,0.0
Nicaragua,2015,1792608997.8498983,NIC,0.0,0,21.306937936315915,0.0,0.0
Nicaragua,2016,1921279672.5700576,NIC,1610193.0,1,21.376257297106434,14.291865226595888,0.0
Nicaragua,2017,1986608702.2033732,NIC,0.0,0,21.409694852186643,0.0,1.0
Nicaragua,2018,1928073031.043567,NIC,0.0,0,21.379786911589342,0.0,0.0
Nicaragua,2019,1931914218.28772,NIC,0.0,0,21.381777171278813,0.0,0.0
Nicaragua,2020,1919361281.751896,NIC,22847183.0,1,21.375258301886355,16.944338429197963,0.0
Nicaragua,2021,2197499753.845615,NIC,0.0,0,21.510586075507952,0.0,1.0
Nicaragua,2022,2178486574.0411544,NIC,8924577.0,1,21.501896240565507,16.00431960159894,0.0
Nicaragua,2023,2296097877.583263,NIC,0.0,0,21.55447694410455,0.0,1.0
Nicaragua,2024,2414896735.22771,NIC,0.0,0,21.604922363396646,0.0,0.0
Niger,1960,36156337.39762195,NER,0.0,0,17.403362799575618,0.0,
Niger,1961,44872036.30046599,NER,0.0,0,17.6193253591481,0.0,0.0
Niger,1962,45540807.40521068,NER,0.0,0,17.63411934802572,0.0,0.0
Niger,1963,44292571.314964965,NER,0.0,0,17.606327530546643,0.0,0.0
Niger,1964,43043323.30734376,NER,0.0,0,17.577717685226883,0.0,0.0
Niger,1965,43657713.7178462,NER,0.0,0,17.59189054211362,0.0,0.0
Niger,1966,49769121.57740565,NER,0.0,0,17.722905301038747,0.0,0.0
Niger,1967,53431504.39532064,NER,0.0,0,17.793911099916397,0.0,0.0
Niger,1968,54328829.29582841,NER,0.0,0,17.810565570271034,0.0,0.0
Niger,1969,54677906.658261225,NER,0.0,0,17.816970285587946,0.0,0.0
Niger,1970,56402035.69759046,NER,0.0,0,17.848015809745824,0.0,0.0
Niger,1971,57171347.9012406,NER,0.0,0,17.86156342003482,0.0,0.0
Niger,1972,69134485.40306263,NER,0.0,0,18.05156422941363,0.0,0.0
Niger,1973,81601131.35683216,NER,0.0,0,18.217353684505284,0.0,0.0
Niger,1974,83815986.48514804,NER,0.0,0,18.24413431677063,0.0,0.0
Niger,1975,113393084.59733371,NER,0.0,0,18.546370965011597,0.0,0.0
Niger,1976,138159997.27541953,NER,0.0,0,18.743922972082224,0.0,0.0
Niger,1977,184766964.0673225,NER,0.0,0,19.034605935321867,0.0,0.0
Niger,1978,205903758.49313125,NER,0.0,0,19.142919425804855,0.0,0.0
Niger,1979,240696714.43494463,NER,0.0,0,19.299048252618363,0.0,0.0
Niger,1980,260318609.62599945,NER,0.0,0,19.37741686040199,0.0,0.0
Niger,1981,237366706.31205943,NER,0.0,0,19.285116787305967,0.0,0.0
Niger,1982,228236679.3549736,NER,0.0,0,19.24589371584576,0.0,0.0
Niger,1983,202589558.51945785,NER,0.0,0,19.12669261103446,0.0,0.0
Niger,1984,149213881.08540758,NER,0.0,0,18.82089127817175,0.0,0.0
Niger,1985,156033338.5416418,NER,0.0,0,18.865580250981647,0.0,0.0
Niger,1986,215127721.2992592,NER,0.0,0,19.18674246226726,0.0,0.0
Niger,1987,250551877.9442213,NER,0.0,0,19.339176554629173,0.0,0.0
Niger,1988,353535771.8556654,NER,0.0,0,19.68349523154942,0.0,0.0
Niger,1989,342310843.76898813,NER,0.0,0,19.651229782136788,0.0,0.0
Niger,1990,735315964.4720571,NER,0.0,0,20.415810848439065,0.0,0.0
Niger,1991,645379469.5967553,NER,0.0,0,20.28534902672098,0.0,0.0
Niger,1992,672616556.793157,NER,0.0,0,20.32668597307386,0.0,0.0
Niger,1993,655172108.7411045,NER,0.0,0,20.300408520520588,0.0,0.0
Niger,1994,379253448.17328346,NER,0.0,0,19.753715268236707,0.0,0.0
Niger,1995,443470741.7067973,NER,0.0,0,19.91014238618888,0.0,0.0
Niger,1996,476608295.0676229,NER,0.0,0,19.982205527151446,0.0,0.0
Niger,1997,470489362.597562,NER,0.0,0,19.969283908014813,0.0,0.0
Niger,1998,527201451.6779794,NER,0.0,0,20.083093294710956,0.0,0.0
Niger,1999,557721612.2480702,NER,0.0,0,20.13937049307095,0.0,0.0
Niger,2000,464312216.95500654,NER,0.0,0,19.95606776527591,0.0,0.0
Niger,2001,468903696.1507741,NER,0.0,0,19.965907966627967,0.0,0.0
Niger,2002,518730523.0667024,NER,0.0,0,20.066895082908804,0.0,0.0
Niger,2003,625760636.6750797,NER,0.0,0,20.254478486413877,0.0,0.0
Niger,2004,732166789.3659537,NER,0.0,0,20.411518900295803,0.0,0.0
Niger,2005,779334712.6103337,NER,0.0,0,20.47395118114312,0.0,0.0
Niger,2006,804106819.9899262,NER,0.0,0,20.50524267900203,0.0,0.0
Niger,2007,986537243.9139384,NER,0.0,0,20.709711636301662,0.0,0.0
Niger,2008,1251004628.9435244,NER,0.0,0,20.947212768619003,0.0,0.0
Niger,2009,1348883890.302668,NER,0.0,0,21.022543339528255,0.0,0.0
Niger,2010,1215418324.3135517,NER,0.0,0,20.918354154327876,0.0,0.0
Niger,2011,1437575288.548425,NER,0.0,0,21.086223703906658,0.0,0.0
Niger,2012,1423576758.5359042,NER,0.0,0,21.076438385628258,0.0,0.0
Niger,2013,1564029710.0124917,NER,0.0,0,21.170531475060777,0.0,0.0
Niger,2014,1948714811.585677,NER,0.0,0,21.39043592125761,0.0,0.0
Niger,2015,1597602014.9723072,NER,3500000.0,1,21.19176960131465,15.068273812173887,0.0
Niger,2016,1587905980.2698638,NER,0.0,0,21.18568199163941,0.0,1.0
Niger,2017,1729432467.115899,NER,0.0,0,21.271059137944484,0.0,0.0
Niger,2018,1948047611.818604,NER,0.0,0,21.390093483253388,0.0,0.0
Niger,2019,2017873443.0103664,NER,0.0,0,21.425310042843016,0.0,0.0
Niger,2020,2166453521.398598,NER,0.0,0,21.496357345601673,0.0,0.0
Niger,2021,2586042481.419086,NER,0.0,0,21.673394544624056,0.0,0.0
Niger,2023,2244184652.300921,NER,0.0,0,21.531608108343082,0.0,0.0
Niger,2024,2305240223.038732,NER,0.0,0,21.558450726202743,0.0,0.0
Panama,1960,56085099.99999994,PAN,0.0,0,17.842380738067806,0.0,
Panama,1961,59552999.99999998,PAN,0.0,0,17.902377230330416,0.0,0.0
Panama,1962,66847699.99999975,PAN,0.0,0,18.01792745553515,0.0,0.0
Panama,1963,80241100.0000003,PAN,0.0,0,18.200546410397372,0.0,0.0
Panama,1964,78088600.00000007,PAN,0.0,0,18.17335463744639,0.0,0.0
Panama,1965,86579099.99999958,PAN,0.0,0,18.27656900491368,0.0,0.0
Panama,1966,103679699.9999996,PAN,0.0,0,18.45681689704553,0.0,0.0
Panama,1967,122693599.99999964,PAN,0.0,0,18.62520074858157,0.0,0.0
Panama,1968,131184100.00000012,PAN,0.0,0,18.69211223810589,0.0,0.0
Panama,1969,141348799.99999976,PAN,0.0,0,18.766741152502924,0.0,0.0
Panama,1970,179137500.00000054,PAN,0.0,0,19.003664225348466,0.0,0.0
Panama,1971,211953799.99999985,PAN,0.0,0,19.171878884358982,0.0,0.0
Panama,1972,266412599.9999993,PAN,0.0,0,19.400556792809322,0.0,0.0
Panama,1973,294171199.9999998,PAN,0.0,0,19.499672468749743,0.0,0.0
Panama,1974,352041000.0000009,PAN,0.0,0,19.67925820405215,0.0,0.0
Panama,1975,415556599.999999,PAN,0.0,0,19.845129384402455,0.0,0.0
Panama,1976,454136400.000001,PAN,0.0,0,19.93390815141104,0.0,0.0
Panama,1977,484717999.9999992,PAN,0.0,0,19.99907783649908,0.0,0.0
Panama,1978,567993900.0000005,PAN,0.0,0,20.157621237191137,0.0,0.0
Panama,1979,667148800.0000014,PAN,0.0,0,20.318523667455143,0.0,0.0
Panama,1980,774654800.0000012,PAN,0.0,0,20.467928068734118,0.0,0.0
Panama,1981,848469999.9999993,PAN,0.0,0,20.558945285502006,0.0,0.0
Panama,1982,1053050000.0000027,PAN,0.0,0,20.774956552351767,0.0,0.0
Panama,1983,1054205199.9999976,PAN,0.0,0,20.776052955023562,0.0,0.0
Panama,1984,1166718400.0,PAN,0.0,0,20.877460858647698,0.0,0.0
Panama,1985,1220780199.9999971,PAN,0.0,0,20.922755999490068,0.0,0.0
Panama,1986,1331098600.0000024,PAN,0.0,0,21.009270453254995,0.0,0.0
Panama,1987,1434601599.9999974,PAN,0.0,0,21.084153016949447,0.0,0.0
Panama,1988,1177576999.9999995,PAN,0.0,0,20.88672477449815,0.0,0.0
Panama,1989,1090130899.9999993,PAN,0.0,0,20.809563617720148,0.0,0.0
Panama,1990,1111616999.9999998,PAN,0.0,0,20.829081548986643,0.0,0.0
Panama,1991,1184392500.000002,PAN,0.0,0,20.8924958218515,0.0,0.0
Panama,1992,1219740600.000003,PAN,0.0,0,20.921904050133296,0.0,0.0
Panama,1993,1268719599.999997,PAN,0.0,0,20.961274039876177,0.0,0.0
Panama,1994,1322434899.9999976,PAN,0.0,0,21.002740495532397,0.0,0.0
Panama,1995,1379384599.9999976,PAN,0.0,0,21.04490329462482,0.0,0.0
Panama,1996,1240001900.000001,PAN,0.0,0,20.93837874882025,0.0,0.0
Panama,1997,1263949599.9999971,PAN,0.0,0,20.95750725845839,0.0,0.0
Panama,1998,1408527900.000002,PAN,0.0,0,21.06581095339123,0.0,0.0
Panama,1999,1537979199.999999,PAN,0.0,0,21.153735183881196,0.0,0.0
Panama,2000,1613363999.9999986,PAN,0.0,0,21.20158727709065,0.0,0.0
Panama,2001,1767744799.999995,PAN,0.0,0,21.292970446851875,0.0,0.0
Panama,2002,1971654699.9999964,PAN,0.0,0,21.402138976374932,0.0,0.0
Panama,2003,1973805400.0000007,PAN,0.0,0,21.403229191537935,0.0,0.0
Panama,2004,2130355299.9999983,PAN,0.0,0,21.479554610268654,0.0,0.0
Panama,2005,2328492500.000004,PAN,0.0,0,21.56848689942382,0.0,0.0
Panama,2006,2494049900.000003,PAN,0.0,0,21.637173692023346,0.0,0.0
Panama,2007,2658037599.999992,PAN,0.0,0,21.700853943111824,0.0,0.0
Panama,2008,3030776800.000004,PAN,0.0,0,21.832084793247574,0.0,0.0
Panama,2009,3235104999.999994,PAN,0.0,0,21.897327221868675,0.0,0.0
Panama,2010,3701032700.000007,PAN,0.0,0,22.031877725761277,0.0,0.0
Panama,2011,4080127500.000017,PAN,0.0,0,22.129394074874213,0.0,0.0
Panama,2012,4335307200.000014,PAN,0.0,0,22.190058309720012,0.0,0.0
Panama,2013,4819687599.999981,PAN,0.0,0,22.295974949630438,0.0,0.0
Panama,2014,4946063799.999998,PAN,0.0,0,22.321857905275017,0.0,0.0
Panama,2015,5498857799.999998,PAN,0.0,0,22.427806234890596,0.0,0.0
Panama,2016,6282209700.000004,PAN,0.0,0,22.560987618594556,0.0,0.0
Panama,2017,7012395199.999975,PAN,0.0,0,22.670945162942015,0.0,0.0
Panama,2018,7391149763.436461,PAN,0.0,0,22.723549143490217,0.0,0.0
Panama,2019,7762804297.291954,PAN,0.0,0,22.772609484377053,0.0,0.0
Panama,2020,8409269218.403103,PAN,2670556.0,1,22.85260041279225,14.79779762285172,0.0
Panama,2021,9262763754.873816,PAN,0.0,0,22.949268302723123,0.0,1.0
Panama,2022,9761174481.420334,PAN,0.0,0,23.00167856634269,0.0,0.0
Panama,2023,10278610495.337433,PAN,0.0,0,23.0533309220145,0.0,0.0
Panama,2024,10731603480.377222,PAN,26700269.0,1,23.096458821415478,17.1001842356789,0.0
Samoa,2009,70700270.98286198,WSM,0.0,0,18.073959963714646,0.0,
Samoa,2010,93302836.63434029,WSM,0.0,0,18.351361068724533,0.0,0.0
Samoa,2011,99291370.40954128,WSM,0.0,0,18.41356922100478,0.0,0.0
Samoa,2012,110889868.82927658,WSM,0.0,0,18.524048094038235,0.0,0.0
Samoa,2013,116235352.60963592,WSM,0.0,0,18.571127595436298,0.0,0.0
Samoa,2014,126575629.573723,WSM,0.0,0,18.656350549726287,0.0,0.0
Samoa,2015,125224417.92038833,WSM,0.0,0,18.645618028927142,0.0,0.0
Samoa,2016,106116194.38518617,WSM,0.0,0,18.480045225162076,0.0,0.0
Samoa,2017,107236880.49506204,WSM,0.0,0,18.49055078190355,0.0,0.0
Samoa,2018,117789957.9871438,WSM,0.0,0,18.58441357925899,0.0,0.0
Samoa,2019,125731843.19582656,WSM,0.0,0,18.6496619684144,0.0,0.0
Samoa,2020,127233836.78611515,WSM,0.0,0,18.66153718596471,0.0,0.0
Samoa,2021,142900844.54663965,WSM,0.0,0,18.77766155293609,0.0,0.0
Samoa,2022,181970651.0756844,WSM,0.0,0,19.019355974211717,0.0,0.0
Samoa,2023,172080476.57330096,WSM,0.0,0,18.963472812406785,0.0,0.0
Samoa,2024,197041627.80051124,WSM,0.0,0,19.098925573011776,0.0,0.0
Senegal,1960,52048567.01847398,SEN,0.0,0,17.767687821781216,0.0,
Senegal,1961,51307014.82787444,SEN,0.0,0,17.753338042076862,0.0,0.0
Senegal,1962,54454662.924342126,SEN,0.0,0,17.812879040487314,0.0,0.0
Senegal,1963,59189249.89622441,SEN,0.0,0,17.896250493774044,0.0,0.0
Senegal,1964,62646771.89858236,SEN,0.0,0,17.953022712018466,0.0,0.0
Senegal,1965,65733635.70466101,SEN,0.0,0,18.001121311423606,0.0,0.0
Senegal,1966,66963489.49012582,SEN,0.0,0,18.019658095842104,0.0,0.0
Senegal,1967,68268945.81190562,SEN,0.0,0,18.038965547820805,0.0,0.0
Senegal,1968,220818704.7988346,SEN,0.0,0,19.212852582542045,0.0,0.0
Senegal,1969,202378685.8117953,SEN,0.0,0,19.125651182578412,0.0,0.0
Senegal,1970,202119639.7492408,SEN,0.0,0,19.124370356025622,0.0,0.0
Senegal,1971,220313890.8414992,SEN,0.0,0,19.210563863990362,0.0,0.0
Senegal,1972,252946499.31771195,SEN,0.0,0,19.348688559182502,0.0,0.0
Senegal,1973,307542317.627859,SEN,0.0,0,19.544123254044298,0.0,0.0
Senegal,1974,324649107.59437335,SEN,0.0,0,19.598255488091255,0.0,0.0
Senegal,1975,450987676.0941594,SEN,0.0,0,19.926950571360027,0.0,0.0
Senegal,1976,469750500.0345379,SEN,0.0,0,19.96771226072676,0.0,0.0
Senegal,1977,495945819.851196,SEN,0.0,0,20.02197724455174,0.0,0.0
Senegal,1978,631845059.0647196,SEN,0.0,0,20.264154762346855,0.0,0.0
Senegal,1979,816372881.2663761,SEN,0.0,0,20.520381770889134,0.0,0.0
Senegal,1980,1038908905.4546711,SEN,0.0,0,20.761436870007746,0.0,0.0
Senegal,1981,879987840.9732715,SEN,0.0,0,20.59541864826524,0.0,0.0
Senegal,1982,741217691.6487321,SEN,0.0,0,20.423804921017673,0.0,0.0
Senegal,1983,628140181.2466985,SEN,0.0,0,20.258273918068618,0.0,0.0
Senegal,1984,583499728.3460597,SEN,0.0,0,20.184554544131323,0.0,0.0
Senegal,1985,618146685.8419837,SEN,0.0,0,20.242236342988914,0.0,0.0
Senegal,1986,881610625.5295011,SEN,0.0,0,20.597261048841904,0.0,0.0
Senegal,1987,1057873149.3241785,SEN,0.0,0,20.77952626652532,0.0,0.0
Senegal,1988,1081693150.7654946,SEN,0.0,0,20.801793382663575,0.0,0.0
Senegal,1989,1045293070.3849804,SEN,0.0,0,20.767563133173567,0.0,0.0
Senegal,1990,1262961402.779706,SEN,0.0,0,20.956725119895072,0.0,0.0
Senegal,1991,1167754412.565628,SEN,0.0,0,20.87834843602968,0.0,0.0
Senegal,1992,1246343553.346407,SEN,0.0,0,20.943479944303636,0.0,0.0
Senegal,1993,1099401396.5383458,SEN,0.0,0,20.818031683663218,0.0,0.0
Senegal,1994,671870184.9740862,SEN,0.0,0,20.325575702704423,0.0,0.0
Senegal,1995,779056977.3328304,SEN,0.0,0,20.473594742794234,0.0,0.0
Senegal,1996,839848682.9590489,SEN,0.0,0,20.54873229424013,0.0,0.0
Senegal,1997,750935165.5683578,SEN,0.0,0,20.43682987520057,0.0,0.0
Senegal,1998,769751749.284933,SEN,0.0,0,20.461578617302752,0.0,0.0
Senegal,1999,821870154.9333882,SEN,0.0,0,20.527092978174945,0.0,0.0
Senegal,2000,726761391.473357,SEN,0.0,0,20.404108771822358,0.0,0.0
Senegal,2001,742150212.5075635,SEN,0.0,0,20.425062223375456,0.0,0.0
Senegal,2002,853138652.6380861,SEN,0.0,0,20.564432639301813,0.0,0.0
Senegal,2003,1055604968.1448317,SEN,0.0,0,20.777379869047724,0.0,0.0
Senegal,2004,1277646000.5069294,SEN,0.0,0,20.968285159623072,0.0,0.0
Senegal,2005,1370478628.520113,SEN,0.0,0,21.038425879656387,0.0,0.0
Senegal,2006,1505508179.274325,SEN,0.0,0,21.132396338800117,0.0,0.0
Senegal,2007,1901437145.721531,SEN,0.0,0,21.365875829683198,0.0,0.0
Senegal,2008,2155321405.004087,SEN,0.0,0,21.491205693234686,0.0,0.0
Senegal,2009,2190615622.323944,SEN,0.0,0,21.507448447355902,0.0,0.0
Senegal,2010,2283233592.147036,SEN,0.0,0,21.548858517326966,0.0,0.0
Senegal,2011,2641986153.822761,SEN,0.0,0,21.694796802239004,0.0,0.0
Senegal,2012,2573975721.3629875,SEN,0.0,0,21.66871751381595,0.0,0.0
Senegal,2013,2762072001.4963946,SEN,0.0,0,21.73924696020213,0.0,0.0
Senegal,2014,2917050365.6117835,SEN,0.0,0,21.793838793919406,0.0,0.0
Senegal,2015,2541663172.5714,SEN,16000000.0,1,21.656084496044826,16.588099342704055,0.0
Senegal,2016,2671599728.261107,SEN,0.0,0,21.705943279101835,0.0,1.0
Senegal,2017,2862665421.5248494,SEN,0.0,0,21.775018993336026,0.0,0.0
Senegal,2018,3186551961.053272,SEN,0.0,0,21.88220527920838,0.0,0.0
Senegal,2019,3278349369.4118257,SEN,22000000.0,1,21.910605891641218,16.906553056777135,0.0
Senegal,2020,3503016026.249636,SEN,0.0,0,21.97689015615833,0.0,1.0
Senegal,2021,4172831376.731335,SEN,0.0,0,22.151860629575324,0.0,0.0
Senegal,2022,4208351382.418017,SEN,0.0,0,22.160336812321937,0.0,0.0
Senegal,2023,2477309493.261085,SEN,0.0,0,21.630438926463565,0.0,0.0
Senegal,2024,2599361478.09498,SEN,0.0,0,21.678531666464743,0.0,0.0
The Bahamas,1977,109300000.00000007,BHS,0.0,0,18.50960695314677,0.0,
The Bahamas,1978,128400000.0,BHS,0.0,0,18.670660949220135,0.0,0.0
The Bahamas,1979,143800000.00000042,BHS,0.0,0,18.783934003251222,0.0,0.0
The Bahamas,1980,166999999.99999985,BHS,0.0,0,18.93350437038103,0.0,0.0
The Bahamas,1981,197300000.0,BHS,0.0,0,19.100235970992845,0.0,0.0
The Bahamas,1982,208900000.00000072,BHS,0.0,0,19.157366226526797,0.0,0.0
The Bahamas,1983,237999999.9999995,BHS,0.0,0,19.287781231635748,0.0,0.0
The Bahamas,1984,263999999.9999996,BHS,0.0,0,19.391459661110588,0.0,0.0
The Bahamas,1985,289100000.00000006,BHS,0.0,0,19.482283206986576,0.0,0.0
The Bahamas,1986,300099999.9999994,BHS,0.0,0,19.519626310410594,0.0,0.0
The Bahamas,1987,326399999.9999998,BHS,0.0,0,19.603634181054225,0.0,0.0
The Bahamas,1989,415270000.0,BHS,0.0,0,19.844439469054613,0.0,0.0
The Bahamas,1990,407120000.0000004,BHS,0.0,0,19.824618540244852,0.0,0.0
The Bahamas,1991,440579999.9999992,BHS,0.0,0,19.903602598655848,0.0,0.0
The Bahamas,1992,427269999.9999996,BHS,0.0,0,19.872926689864958,0.0,0.0
The Bahamas,1993,397990000.0000002,BHS,0.0,0,19.801937437304918,0.0,0.0
The Bahamas,1994,482679999.99999833,BHS,0.0,0,19.99486446616967,0.0,0.0
The Bahamas,1995,476199999.9999988,BHS,0.0,0,19.981348492017034,0.0,0.0
The Bahamas,1996,516869999.9999998,BHS,0.0,0,20.063301950176697,0.0,0.0
The Bahamas,1997,635500000.0000008,BHS,0.0,0,20.269922648593784,0.0,0.0
The Bahamas,1998,650799999.9999999,BHS,0.0,0,20.293712933309155,0.0,0.0
The Bahamas,1999,705500000.0,BHS,0.0,0,20.37441732925714,0.0,0.0
The Bahamas,2000,747400000.0000002,BHS,0.0,0,20.43211107501566,0.0,0.0
The Bahamas,2001,802400000.0000001,BHS,0.0,0,20.503117794612,0.0,0.0
The Bahamas,2002,846300000.0000005,BHS,0.0,0,20.556384464640335,0.0,0.0
The Bahamas,2003,862299999.9999998,BHS,0.0,0,20.57511379592255,0.0,0.0
The Bahamas,2004,907699999.9999988,BHS,0.0,0,20.626424485496855,0.0,0.0
The Bahamas,2005,959199999.9999996,BHS,0.0,0,20.68161016167758,0.0,0.0
The Bahamas,2006,1040999999.9999956,BHS,0.0,0,20.76344762657924,0.0,0.0
The Bahamas,2007,1072199999.9999968,BHS,0.0,0,20.792978449357708,0.0,0.0
The Bahamas,2008,1177299999.999998,BHS,0.0,0,20.886489518048425,0.0,0.0
The Bahamas,2009,1264999999.9999952,BHS,0.0,0,20.958337959125892,0.0,0.0
The Bahamas,2010,1263700000.0000007,BHS,0.0,0,20.957309762728908,0.0,0.0
The Bahamas,2011,1385599999.9999995,BHS,0.0,0,21.049399095772444,0.0,0.0
The Bahamas,2012,1403100000.000003,BHS,0.0,0,21.061949911364227,0.0,0.0
The Bahamas,2013,1229600000.0000029,BHS,0.0,0,20.929954750188664,0.0,0.0
The Bahamas,2014,1240399999.9999964,BHS,0.0,0,20.938699745190565,0.0,0.0
The Bahamas,2015,1345700000.0000048,BHS,0.0,0,21.020180160711774,0.0,0.0
The Bahamas,2016,1273399999.9999945,BHS,0.0,0,20.964956325547195,0.0,0.0
The Bahamas,2017,1457599999.9999971,BHS,163598.0,1,21.100057084469967,12.005173590662665,0.0
The Bahamas,2018,1444999999.9999995,BHS,0.0,0,21.091375158510807,0.0,1.0
The Bahamas,2019,1680199999.9999962,BHS,12824153.0,1,21.24217867089502,16.366840981933045,0.0
The Bahamas,2020,2255900000.000003,BHS,0.0,0,21.536814843358652,0.0,1.0
The Bahamas,2021,2087699999.999999,BHS,0.0,0,21.459328818483186,0.0,0.0
The Bahamas,2022,1830699999.9999948,BHS,0.0,0,21.32796424432124,0.0,0.0
The Bahamas,2023,2002500000.000003,BHS,0.0,0,21.41766223690679,0.0,0.0
The Bahamas,2024,2044200000.0000072,BHS,0.0,0,21.438272351859254,0.0,0.0
Tonga,1975,4223589.4750621645,TON,0.0,0,15.256195910976114,0.0,
Tonga,1976,5757301.723084441,TON,0.0,0,15.565979472061299,0.0,0.0
Tonga,1977,5221335.107562668,TON,0.0,0,15.468263694888144,0.0,0.0
Tonga,1978,6116287.0550532425,TON,0.0,0,15.62646578002667,0.0,0.0
Tonga,1979,6664542.812430128,TON,0.0,0,15.71231191395788,0.0,0.0
Tonga,1980,7897973.126850363,TON,0.0,0,15.882116718297032,0.0,0.0
Tonga,1981,8729027.809698937,TON,0.0,0,15.982164559609872,0.0,0.0
Tonga,1982,10490922.000202823,TON,0.0,0,16.166020869761077,0.0,0.0
Tonga,1983,8703603.60360359,TON,0.0,0,15.979247705175402,0.0,0.0
Tonga,1984,10166739.79815711,TON,0.0,0,16.134632146145012,0.0,0.0
Tonga,1985,9587960.05307633,TON,0.0,0,16.07601870818192,0.0,0.0
Tonga,1986,10766042.780748677,TON,0.0,0,16.19190755178534,0.0,0.0
Tonga,1987,13603136.815572068,TON,0.0,0,16.425810972314903,0.0,0.0
Tonga,1988,17375032.043065965,TON,0.0,0,16.670544793618664,0.0,0.0
Tonga,1989,18516487.88239978,TON,0.0,0,16.734172130019246,0.0,0.0
Tonga,1990,21725574.93440345,TON,0.0,0,16.894000692949838,0.0,0.0
Tonga,1991,27013728.212247357,TON,0.0,0,17.111855747055987,0.0,0.0
Tonga,1992,25964664.835572805,TON,0.0,0,17.072247126861157,0.0,0.0
Tonga,1993,24477601.15606949,TON,0.0,0,17.013269018816246,0.0,0.0
Tonga,1994,31042645.053779718,TON,0.0,0,17.250872464010214,0.0,0.0
Tonga,1995,34197340.46738522,TON,0.0,0,17.347658434897504,0.0,0.0
Tonga,1996,38693481.61376749,TON,0.0,0,17.471181710060673,0.0,0.0
Tonga,1997,40539612.18836564,TON,0.0,0,17.51779013279451,0.0,0.0
Tonga,1998,34909450.40214469,TON,0.0,0,17.36826813567871,0.0,0.0
Tonga,1999,37047424.5094132,TON,0.0,0,17.427709393374194,0.0,0.0
Tonga,2000,37139262.85561238,TON,0.0,0,17.430185265970067,0.0,0.0
Tonga,2001,35723281.81578048,TON,0.0,0,17.39131318589389,0.0,0.0
Tonga,2002,31292237.38217352,TON,0.0,0,17.258880617792258,0.0,0.0
Tonga,2003,34548285.95165398,TON,0.0,0,17.35786849628606,0.0,0.0
Tonga,2004,37724635.49205326,TON,0.0,0,17.445823900333025,0.0,0.0
Tonga,2005,41714015.95765259,TON,0.0,0,17.54634774438773,0.0,0.0
Tonga,2006,62956130.43889451,TON,0.0,0,17.95794869955717,0.0,0.0
Tonga,2007,55623304.13558724,TON,0.0,0,17.83411281053581,0.0,0.0
Tonga,2008,65756362.205354266,TON,0.0,0,18.001466987920388,0.0,0.0
Tonga,2009,64817245.83328956,TON,0.0,0,17.98708226531631,0.0,0.0
Tonga,2010,68851094.97905822,TON,0.0,0,18.04745668684774,0.0,0.0
Tonga,2011,76082185.21585296,TON,0.0,0,18.147324698394772,0.0,0.0
Tonga,2012,91745745.55203402,TON,0.0,0,18.334531673818752,0.0,0.0
Tonga,2013,90397704.88985574,TON,0.0,0,18.319729436653564,0.0,0.0
Tonga,2014,88790769.62011419,TON,0.0,0,18.301793256840234,0.0,0.0
Tonga,2015,93160360.89280774,TON,0.0,0,18.349832876875958,0.0,0.0
Tonga,2016,86640782.89658332,TON,0.0,0,18.277281196818667,0.0,0.0
Tonga,2017,92363862.8056082,TON,0.0,0,18.341246364936847,0.0,0.0
Tonga,2018,93944717.39783196,TON,3500000.0,1,18.358217054439095,15.068273812173887,0.0
Tonga,2019,104115717.87802228,TON,0.0,0,18.461013510449117,0.0,1.0
Tonga,2020,111980084.8487266,TON,4500000.0,1,18.533831599597956,15.319588176962746,0.0
Tonga,2021,148547340.9999361,TON,0.0,0,18.816414260015186,0.0,1.0
Tonga,2022,155006637.13905978,TON,0.0,0,18.858978494218757,0.0,0.0
Tonga,2023,148302791.54368415,TON,0.0,0,18.81476663055665,0.0,0.0
Vanuatu,1980,30631699.174134444,VUT,0.0,0,17.237545951450358,0.0,
Vanuatu,1981,23257348.62113716,VUT,0.0,0,16.962131709784455,0.0,0.0
Vanuatu,1982,24187178.820888028,VUT,0.0,0,17.001333249943137,0.0,0.0
Vanuatu,1983,36832041.86374156,VUT,0.0,0,17.421878727116415,0.0,0.0
Vanuatu,1984,41287916.9605966,VUT,0.0,0,17.536080447584997,0.0,0.0
Vanuatu,1985,42543760.374226674,VUT,0.0,0,17.5660437600268,0.0,0.0
Vanuatu,1986,44211588.03093113,VUT,0.0,0,17.604497485332185,0.0,0.0
Vanuatu,1987,46800608.10749298,VUT,0.0,0,17.661406754553308,0.0,0.0
Vanuatu,1988,50811100.68373784,VUT,0.0,0,17.743625406073676,0.0,0.0
Vanuatu,1989,43837576.05005077,VUT,0.0,0,17.596001908246308,0.0,0.0
Vanuatu,1990,46617119.42593529,VUT,0.0,0,17.657478401287428,0.0,0.0
Vanuatu,1991,49973137.53581648,VUT,0.0,0,17.726996169738644,0.0,0.0
Vanuatu,1992,52296458.30393669,VUT,0.0,0,17.772439207888144,0.0,0.0
Vanuatu,1993,51841981.88861756,VUT,0.0,0,17.76371084015362,0.0,0.0
Vanuatu,1994,58648683.47579574,VUT,0.0,0,17.88707568568131,0.0,0.0
Vanuatu,1995,61688861.9314784,VUT,0.0,0,17.93761395283083,0.0,0.0
Vanuatu,1996,70444597.6064948,VUT,0.0,0,18.070337109287607,0.0,0.0
Vanuatu,1997,53171657.89246582,VUT,0.0,0,17.789036065969878,0.0,0.0
Vanuatu,1998,52941753.09271266,VUT,0.0,0,17.784702868924292,0.0,0.0
Vanuatu,1999,57811349.99031568,VUT,0.0,0,17.872695680979664,0.0,0.0
Vanuatu,2000,56573753.55768231,VUT,0.0,0,17.85105571756079,0.0,0.0
Vanuatu,2001,52906666.66666655,VUT,0.0,0,17.784039912832725,0.0,0.0
Vanuatu,2002,40625486.513548814,VUT,0.0,0,17.51990617426059,0.0,0.0
Vanuatu,2003,47369174.71579116,VUT,0.0,0,17.673482252662275,0.0,0.0
Vanuatu,2004,50335450.3980678,VUT,0.0,0,17.734220166115318,0.0,0.0
Vanuatu,2005,52313208.13856568,VUT,0.0,0,17.772759442821332,0.0,0.0
Vanuatu,2006,61848775.12626821,VUT,0.0,0,17.94020285266598,0.0,0.0
Vanuatu,2007,85164124.466138,VUT,0.0,0,18.260090828781745,0.0,0.0
Vanuatu,2008,91597930.63676168,VUT,0.0,0,18.33291923808744,0.0,0.0
Vanuatu,2009,97394780.49604511,VUT,0.0,0,18.394283178840563,0.0,0.0
Vanuatu,2010,122551962.37774484,VUT,0.0,0,18.624045680684485,0.0,0.0
Vanuatu,2011,130223633.35516451,VUT,0.0,0,18.68476378705142,0.0,0.0
Vanuatu,2012,120922952.36810164,VUT,0.0,0,18.610664143456574,0.0,0.0
Vanuatu,2013,119353729.80405654,VUT,0.0,0,18.597602161237408,0.0,0.0
Vanuatu,2014,107477293.0395845,VUT,0.0,0,18.492790155681565,0.0,0.0
Vanuatu,2015,120333060.25726362,VUT,0.0,0,18.60577395829625,0.0,0.0
Vanuatu,2016,116321733.11823004,VUT,0.0,0,18.571870471210616,0.0,0.0
Vanuatu,2017,153449009.24666384,VUT,0.0,0,18.848878882486947,0.0,0.0
Vanuatu,2018,154758770.93450764,VUT,0.0,0,18.857378146013357,0.0,0.0
Vanuatu,2019,192682979.9751595,VUT,0.0,0,19.07655680553549,0.0,0.0
Vanuatu,2020,212861847.80724525,VUT,0.0,0,19.176153911396607,0.0,0.0
Vanuatu,2021,236138964.39094543,VUT,0.0,0,19.279931021861273,0.0,0.0
Vanuatu,2022,246155490.32461452,VUT,0.0,0,19.321473968711995,0.0,0.0
