time,precip_mm,rain_1d_mm,rain_3d_mm,rain_5d_mm,year,month,year_month
2024-01-01,0.1329256643776632,0.1329256643776632,,,2024,1,2024-01
2024-01-02,2.3885659129924406,2.3885659129924406,,,2024,1,2024-01
2024-01-03,0.2835716314345324,0.2835716314345324,2.8050632088046363,,2024,1,2024-01
2024-01-04,0.0,0.0,2.672137544426973,,2024,1,2024-01
2024-01-05,0.0,0.0,0.2835716314345324,2.8050632088046363,2024,1,2024-01
2024-01-06,0.0,0.0,0.0,2.672137544426973,2024,1,2024-01
2024-01-07,0.0,0.0,0.0,0.2835716314345324,2024,1,2024-01
2024-01-08,11.247689429549377,11.247689429549377,11.247689429549377,11.247689429549377,2024,1,2024-01
2024-01-09,0.0,0.0,11.247689429549377,11.247689429549377,2024,1,2024-01
2024-01-10,0.6436783933319329,0.6436783933319329,11.89136782288131,11.89136782288131,2024,1,2024-01
2024-01-11,0.0,0.0,0.6436783933319329,11.89136782288131,2024,1,2024-01
2024-01-12,0.0,0.0,0.6436783933319329,11.89136782288131,2024,1,2024-01
2024-01-13,0.0,0.0,0.0,0.6436783933319329,2024,1,2024-01
2024-01-14,12.750352622853086,12.750352622853086,12.750352622853086,13.39403101618502,2024,1,2024-01
2024-01-15,1.7209964120485102,1.7209964120485102,14.471349034901596,14.471349034901596,2024,1,2024-01
2024-01-16,6.622703412910065,6.622703412910065,21.094052447811663,21.094052447811663,2024,1,2024-01
2024-01-17,0.0,0.0,8.343699824958575,21.094052447811663,2024,1,2024-01
2024-01-18,0.0,0.0,6.622703412910065,21.094052447811663,2024,1,2024-01
2024-01-19,7.198784059415296,7.198784059415296,7.198784059415296,15.54248388437387,2024,1,2024-01
2024-01-20,0.03887844475765428,0.03887844475765428,7.23766250417295,13.860365917083016,2024,1,2024-01
2024-01-21,7.672086715833188,7.672086715833188,14.909749220006137,14.909749220006137,2024,1,2024-01
2024-01-22,0.0,0.0,7.710965160590842,14.909749220006137,2024,1,2024-01
2024-01-23,0.0,0.0,7.672086715833188,14.909749220006137,2024,1,2024-01
2024-01-24,0.0,0.0,0.0,7.710965160590842,2024,1,2024-01
2024-01-25,7.786767868144247,7.786767868144247,7.786767868144247,15.458854583977434,2024,1,2024-01
2024-01-26,1.3374042966254607,1.3374042966254607,9.124172164769709,9.124172164769709,2024,1,2024-01
2024-01-27,9.707697026147045,9.707697026147045,18.831869190916755,18.831869190916755,2024,1,2024-01
2024-01-28,6.957395442898293,6.957395442898293,18.0024967656708,25.789264633815048,2024,1,2024-01
2024-01-29,2.5970560914873837,2.5970560914873837,19.262148560532722,28.38632072530243,2024,1,2024-01
2024-01-30,0.7778348147688612,0.7778348147688612,10.332286349154538,21.377387671927043,2024,1,2024-01
2024-01-31,0.0,0.0,3.374890906256245,20.039983375301585,2024,1,2024-01
2024-02-01,9.595792058768538,9.595792058768538,10.373626873537399,19.928078407923074,2024,2,2024-02
2024-02-02,0.0,0.0,9.595792058768538,12.970682965024784,2024,2,2024-02
2024-02-03,0.0,0.0,9.595792058768538,10.373626873537399,2024,2,2024-02
2024-02-04,0.0,0.0,0.0,9.595792058768538,2024,2,2024-02
2024-02-05,0.0,0.0,0.0,9.595792058768538,2024,2,2024-02
2024-02-06,2.0492772891131983,2.0492772891131983,2.0492772891131983,2.0492772891131983,2024,2,2024-02
2024-02-07,5.815858306452383,5.815858306452383,7.865135595565581,7.865135595565581,2024,2,2024-02
2024-02-08,0.0,0.0,7.865135595565581,7.865135595565581,2024,2,2024-02
2024-02-09,0.0,0.0,5.815858306452383,7.865135595565581,2024,2,2024-02
2024-02-10,0.0,0.0,0.0,7.865135595565581,2024,2,2024-02
2024-02-11,0.0,0.0,0.0,5.815858306452383,2024,2,2024-02
2024-02-12,0.08358705131337343,0.08358705131337343,0.08358705131337343,0.08358705131337343,2024,2,2024-02
2024-02-13,1.1018133206409249,1.1018133206409249,1.1854003719542983,1.1854003719542983,2024,2,2024-02
2024-02-14,1.7571579693622734,1.7571579693622734,2.9425583413165715,2.9425583413165715,2024,2,2024-02
2024-02-15,0.0,0.0,2.858971290003198,2.9425583413165715,2024,2,2024-02
2024-02-16,0.0,0.0,1.7571579693622734,2.9425583413165715,2024,2,2024-02
2024-02-17,0.0,0.0,0.0,2.858971290003198,2024,2,2024-02
2024-02-18,0.0,0.0,0.0,1.7571579693622734,2024,2,2024-02
2024-02-19,7.905394429543745,7.905394429543745,7.905394429543745,7.905394429543745,2024,2,2024-02
2024-02-20,0.02200520019240383,0.02200520019240383,7.927399629736149,7.927399629736149,2024,2,2024-02
2024-02-21,0.0,0.0,7.927399629736149,7.927399629736149,2024,2,2024-02
2024-02-22,0.0,0.0,0.02200520019240383,7.927399629736149,2024,2,2024-02
2024-02-23,0.0,0.0,0.0,7.927399629736149,2024,2,2024-02
2024-02-24,0.0,0.0,0.0,0.02200520019240383,2024,2,2024-02
2024-02-25,10.01530916016316,10.01530916016316,10.01530916016316,10.01530916016316,2024,2,2024-02
2024-02-26,0.0,0.0,10.01530916016316,10.01530916016316,2024,2,2024-02
2024-02-27,0.021107370428996453,0.021107370428996453,10.036416530592156,10.036416530592156,2024,2,2024-02
2024-02-28,0.0,0.0,0.021107370428996453,10.036416530592156,2024,2,2024-02
2024-02-29,0.02384701901637262,0.02384701901637262,0.04495438944536907,10.060263549608528,2024,2,2024-02
2024-03-01,3.591011419389534,3.591011419389534,3.6148584384059066,3.635965808834903,2024,3,2024-03
2024-03-02,0.5757462981548676,0.5757462981548676,4.190604736560774,4.21171210698977,2024,3,2024-03
2024-03-03,0.0,0.0,4.166757717544401,4.190604736560774,2024,3,2024-03
2024-03-04,0.0569329238725227,0.0569329238725227,0.6326792220273902,4.247537660433297,2024,3,2024-03
2024-03-05,0.0,0.0,0.0569329238725227,4.223690641416924,2024,3,2024-03
2024-03-06,0.0,0.0,0.0569329238725227,0.6326792220273902,2024,3,2024-03
2024-03-07,7.104964276004558,7.104964276004558,7.104964276004558,7.16189719987708,2024,3,2024-03
2024-03-08,0.0,0.0,7.104964276004558,7.161897199877081,2024,3,2024-03
2024-03-09,0.07853773256977153,0.07853773256977153,7.1835020085743295,7.1835020085743295,2024,3,2024-03
2024-03-10,0.0,0.0,0.07853773256977153,7.1835020085743295,2024,3,2024-03
2024-03-11,0.0,0.0,0.07853773256977153,7.1835020085743295,2024,3,2024-03
2024-03-12,0.0,0.0,0.0,0.07853773256977153,2024,3,2024-03
2024-03-13,0.0,0.0,0.0,0.07853773256977153,2024,3,2024-03
2024-03-14,0.0,0.0,0.0,0.0,2024,3,2024-03
2024-03-15,5.783024473835742,5.783024473835742,5.783024473835742,5.783024473835742,2024,3,2024-03
2024-03-16,0.6047975750960235,0.6047975750960235,6.387822048931766,6.387822048931766,2024,3,2024-03
2024-03-17,1.1748579508554367,1.1748579508554367,7.5626799997872025,7.5626799997872025,2024,3,2024-03
2024-03-18,0.06601816044182347,0.06601816044182347,1.8456736863932837,7.628698160229026,2024,3,2024-03
2024-03-19,0.0,0.0,1.2408761112972602,7.628698160229026,2024,3,2024-03
2024-03-20,0.0,0.0,0.06601816044182347,1.8456736863932837,2024,3,2024-03
2024-03-21,0.0,0.0,0.0,1.2408761112972602,2024,3,2024-03
2024-03-22,0.0,0.0,0.0,0.06601816044182347,2024,3,2024-03
2024-03-23,5.627153712300924,5.627153712300924,5.627153712300924,5.627153712300924,2024,3,2024-03
2024-03-24,3.2508520065620736,3.2508520065620736,8.878005718862997,8.878005718862997,2024,3,2024-03
2024-03-25,18.4250751344131,18.4250751344131,27.303080853276096,27.303080853276096,2024,3,2024-03
2024-03-26,0.0,0.0,21.675927140975173,27.303080853276096,2024,3,2024-03
2024-03-27,0.0,0.0,18.4250751344131,27.303080853276096,2024,3,2024-03
2024-03-28,0.0,0.0,0.0,21.675927140975173,2024,3,2024-03
2024-03-29,1.5496434936479755,1.5496434936479755,1.5496434936479755,19.974718628061076,2024,3,2024-03
2024-03-30,0.0,0.0,1.5496434936479755,1.5496434936479755,2024,3,2024-03
2024-03-31,11.017461898298986,11.017461898298986,12.567105391946962,12.567105391946962,2024,3,2024-03
2024-04-01,2.1984176195585685,2.1984176195585685,13.215879517857555,14.76552301150553,2024,4,2024-04
2024-04-02,25.54592492802629,25.54592492802629,38.76180444588385,40.311447939531824,2024,4,2024-04
2024-04-03,15.195128669733426,15.195128669733426,42.939471217318285,53.95693311561727,2024,4,2024-04
2024-04-04,0.0,0.0,40.741053597759716,53.95693311561727,2024,4,2024-04
2024-04-05,0.0,0.0,15.195128669733426,42.939471217318285,2024,4,2024-04
2024-04-06,0.0,0.0,0.0,40.741053597759716,2024,4,2024-04
2024-04-07,0.0,0.0,0.0,15.195128669733426,2024,4,2024-04
2024-04-08,0.0,0.0,0.0,0.0,2024,4,2024-04
2024-04-09,0.0,0.0,0.0,0.0,2024,4,2024-04
2024-04-10,0.0,0.0,0.0,0.0,2024,4,2024-04
2024-04-11,0.6612692753471118,0.6612692753471118,0.6612692753471118,0.6612692753471118,2024,4,2024-04
2024-04-12,2.2443685939121827,2.2443685939121827,2.9056378692592943,2.9056378692592943,2024,4,2024-04
2024-04-13,0.5312598602967827,0.5312598602967827,3.436897729556077,3.436897729556077,2024,4,2024-04
2024-04-14,0.07373598209223899,0.07373598209223899,2.8493644363012045,3.510633711648316,2024,4,2024-04
2024-04-15,1.0215694334815124,1.0215694334815124,1.6265652758705342,4.532203145129829,2024,4,2024-04
2024-04-16,0.0,0.0,1.0953054155737516,3.870933869782717,2024,4,2024-04
2024-04-17,0.1293330595736022,0.1293330595736022,1.1509024930551146,1.7558983354441364,2024,4,2024-04
2024-04-18,0.043030864565033036,0.043030864565033036,0.17236392413863522,1.2676693397123866,2024,4,2024-04
2024-04-19,1.6015248967021247,1.6015248967021247,1.77388882084076,2.7954582543222726,2024,4,2024-04
2024-04-20,11.76775562541849,11.76775562541849,13.412311386685648,13.54164444625925,2024,4,2024-04
2024-04-21,0.0,0.0,13.369280522120615,13.54164444625925,2024,4,2024-04
2024-04-22,0.0,0.0,11.76775562541849,13.412311386685648,2024,4,2024-04
2024-04-23,0.0,0.0,0.0,13.369280522120615,2024,4,2024-04
2024-04-24,0.0,0.0,0.0,11.76775562541849,2024,4,2024-04
2024-04-25,0.0,0.0,0.0,0.0,2024,4,2024-04
2024-04-26,0.0,0.0,0.0,0.0,2024,4,2024-04
2024-04-27,0.0,0.0,0.0,0.0,2024,4,2024-04
2024-04-28,0.0,0.0,0.0,0.0,2024,4,2024-04
2024-04-29,0.0,0.0,0.0,0.0,2024,4,2024-04
2024-04-30,0.0,0.0,0.0,0.0,2024,4,2024-04
2024-05-01,0.0,0.0,0.0,0.0,2024,5,2024-05
2024-05-02,0.0,0.0,0.0,0.0,2024,5,2024-05
2024-05-03,0.012063323891119795,0.012063323891119795,0.012063323891119795,0.012063323891119795,2024,5,2024-05
2024-05-04,0.18487304411575434,0.18487304411575434,0.19693636800687414,0.19693636800687414,2024,5,2024-05
2024-05-05,0.08124808731041665,0.08124808731041665,0.2781844553172908,0.2781844553172908,2024,5,2024-05
2024-05-06,0.014557280658694435,0.014557280658694435,0.28067841208486544,0.29274173597598524,2024,5,2024-05
2024-05-07,1.210775301736199,1.210775301736199,1.3065806697053102,1.5035170377121843,2024,5,2024-05
2024-05-08,0.0,0.0,1.2253325823948935,1.4914537138210644,2024,5,2024-05
2024-05-09,0.0,0.0,1.210775301736199,1.3065806697053102,2024,5,2024-05
2024-05-10,26.507898283187423,26.507898283187423,26.507898283187423,27.733230865582318,2024,5,2024-05
2024-05-11,1.3119629659936787,1.3119629659936787,27.819861249181102,29.0306365509173,2024,5,2024-05
2024-05-12,0.0,0.0,27.819861249181102,27.819861249181102,2024,5,2024-05
2024-05-13,0.0,0.0,1.3119629659936787,27.819861249181102,2024,5,2024-05
2024-05-14,0.0,0.0,0.0,27.819861249181102,2024,5,2024-05
2024-05-15,0.0,0.0,0.0,1.3119629659936787,2024,5,2024-05
2024-05-16,10.237098503517394,10.237098503517394,10.237098503517394,10.237098503517394,2024,5,2024-05
2024-05-17,5.2572388586395435,5.2572388586395435,15.494337362156937,15.494337362156937,2024,5,2024-05
2024-05-18,5.798570448312825,5.798570448312825,21.292907810469764,21.292907810469764,2024,5,2024-05
2024-05-19,1.9960911821744944,1.9960911821744944,13.051900489126863,23.288998992644256,2024,5,2024-05
2024-05-20,5.018311370066926,5.018311370066926,12.812973000554244,28.307310362711185,2024,5,2024-05
2024-05-21,0.0,0.0,7.01440255224142,18.07021185919379,2024,5,2024-05
2024-05-22,0.0,0.0,5.018311370066925,12.812973000554246,2024,5,2024-05
2024-05-23,0.0,0.0,0.0,7.01440255224142,2024,5,2024-05
2024-05-24,0.0,0.0,0.0,5.018311370066925,2024,5,2024-05
2024-05-25,13.153600680472755,13.153600680472755,13.153600680472755,13.153600680472755,2024,5,2024-05
2024-05-26,0.0,0.0,13.153600680472755,13.153600680472755,2024,5,2024-05
2024-05-27,0.10776391472480935,0.10776391472480935,13.261364595197564,13.261364595197564,2024,5,2024-05
2024-05-28,0.0,0.0,0.10776391472480935,13.261364595197564,2024,5,2024-05
2024-05-29,1.7654787257666562,1.7654787257666562,1.8732426404914655,15.02684332096422,2024,5,2024-05
2024-05-30,29.374050782312292,29.374050782312292,31.139529508078947,31.247293422803757,2024,5,2024-05
2024-05-31,0.24133217667581489,0.24133217667581489,31.380861684754763,31.488625599479573,2024,5,2024-05
2024-06-01,0.4654020498062357,0.4654020498062357,30.080785008794344,31.846263734561,2024,6,2024-06
2024-06-02,1.4943771929038645,1.4943771929038645,2.201111419385915,33.34064092746486,2024,6,2024-06
2024-06-03,3.686722865559353,3.686722865559353,5.646502108269453,35.26188506725756,2024,6,2024-06
2024-06-04,9.18828834903543,9.18828834903543,14.369388407498647,15.076122633980699,2024,6,2024-06
2024-06-05,2.647558185479396,2.647558185479396,15.522569400074177,17.48234864278428,2024,6,2024-06
2024-06-06,0.0,0.0,11.835846534514825,17.016946592978044,2024,6,2024-06
2024-06-07,0.0,0.0,2.647558185479396,15.522569400074179,2024,6,2024-06
2024-06-08,12.25168856536377,12.25168856536377,12.25168856536377,24.087535099878593,2024,6,2024-06
2024-06-09,6.468019472593023,6.468019472593023,18.719708037956792,21.36726622343619,2024,6,2024-06
2024-06-10,26.18887687843308,26.18887687843308,44.90858491638987,44.90858491638987,2024,6,2024-06
2024-06-11,23.624418929947296,23.624418929947296,56.2813152809734,68.53300384633717,2024,6,2024-06
2024-06-12,0.7595320198614635,0.7595320198614635,50.57282782824184,69.29253586619863,2024,6,2024-06
2024-06-13,6.575509293379799,6.575509293379799,30.95946024318856,63.616356594214665,2024,6,2024-06
2024-06-14,28.954817806827215,28.954817806827215,36.28985912006848,86.10315492844886,2024,6,2024-06
2024-06-15,11.363515037036548,11.363515037036548,46.89384213724357,71.27779308705233,2024,6,2024-06
2024-06-16,8.347989927225399,8.347989927225399,48.66632277108916,56.001364084330426,2024,6,2024-06
2024-06-17,2.557185268023109,2.557185268023109,22.268690232285056,57.79901733249207,2024,6,2024-06
2024-06-18,9.030517009876503,9.030517009876503,19.935692205125008,60.25402504898878,2024,6,2024-06
2024-06-19,1.737776677750153,1.737776677750153,13.325478955649764,33.03698391991171,2024,6,2024-06
2024-06-20,5.458338001753609,5.458338001753609,16.226631689380266,27.13180688462877,2024,6,2024-06
2024-06-21,2.600880626686288,2.600880626686288,9.796995306190048,21.384697584089665,2024,6,2024-06
2024-06-22,16.06532932344365,16.06532932344365,24.124547951883542,34.8928416395102,2024,6,2024-06
2024-06-23,1.7597553254165756,1.7597553254165756,20.42596527554651,27.622079955050275,2024,6,2024-06
2024-06-24,12.535404635594162,12.535404635594162,30.36048928445438,38.41970791289428,2024,6,2024-06
2024-06-25,2.7661920244489453,2.7661920244489453,17.06135198545968,35.72756193558962,2024,6,2024-06
2024-06-26,0.10613434154066954,0.10613434154066954,15.407731001583773,33.232815650444,2024,6,2024-06
2024-06-27,0.0,0.0,2.872326365989611,17.167486327000358,2024,6,2024-06
2024-06-28,22.935380506020177,22.935380506020177,23.041514847560844,38.34311150760396,2024,6,2024-06
2024-06-29,39.4092512152749,39.4092512152749,62.34463172129507,65.2169580872847,2024,6,2024-06
2024-06-30,0.6683331680734702,0.6683331680734702,63.01296488936854,63.11909923090922,2024,6,2024-06
2024-07-01,30.070134951555154,30.070134951555154,70.14771933490353,93.08309984092371,2024,7,2024-07
2024-07-02,1.5139084724964635,1.5139084724964635,32.25237659212508,94.59700831342018,2024,7,2024-07
2024-07-03,6.208181729651725,6.208181729651725,37.792225153703335,77.86980953705172,2024,7,2024-07
2024-07-04,0.0,0.0,7.722090202148182,38.46055832177683,2024,7,2024-07
2024-07-05,0.0,0.0,6.208181729651718,37.79222515370336,2024,7,2024-07
2024-07-06,3.4977484474455074,3.4977484474455074,3.4977484474455003,11.219838649593711,2024,7,2024-07
2024-07-07,3.9163390375517215,3.9163390375517215,7.414087484997221,13.622269214648968,2024,7,2024-07
2024-07-08,0.42797937502353744,0.42797937502353744,7.8420668600207595,7.842066860020781,2024,7,2024-07
2024-07-09,0.0,0.0,4.344318412575252,7.842066860020781,2024,7,2024-07
2024-07-10,0.0,0.0,0.42797937502353034,7.842066860020781,2024,7,2024-07
2024-07-11,3.1943750058384843,3.1943750058384843,3.194375005838477,7.538693418413757,2024,7,2024-07
2024-07-12,31.93996473890889,31.93996473890889,35.134339744747365,35.562319119770926,2024,7,2024-07
2024-07-13,5.033307112195704,5.033307112195704,40.16764685694307,40.167646856943094,2024,7,2024-07
2024-07-14,3.016320190192778,3.016320190192778,39.989592041297364,43.183967047135866,2024,7,2024-07
2024-07-15,3.0019506496012074,3.0019506496012074,11.051577951989682,46.18591769673708,2024,7,2024-07
2024-07-16,9.165800917978807,9.165800917978807,15.184071757772784,52.1573436088774,2024,7,2024-07
2024-07-17,12.685857106076952,12.685857106076952,24.853608673656957,32.903235976045465,2024,7,2024-07
2024-07-18,2.8869325979286464,2.8869325979286464,24.738590621984397,30.756861461778403,2024,7,2024-07
2024-07-19,0.0,0.0,15.572789704005592,27.740541271585624,2024,7,2024-07
2024-07-20,3.3264028367078886,3.3264028367078886,6.213335434636528,28.064993458692307,2024,7,2024-07
2024-07-21,0.0,0.0,3.3264028367078815,18.8991925407135,2024,7,2024-07
2024-07-22,6.6394951216547184,6.6394951216547184,9.9658979583626,12.852830556291268,2024,7,2024-07
2024-07-23,10.443613473887517,10.443613473887517,17.083108595542228,20.409511432250138,2024,7,2024-07
2024-07-24,8.977452976304434,8.977452976304434,26.060561571846662,29.386964408554572,2024,7,2024-07
2024-07-25,15.82889159122898,15.82889159122898,35.249958041420925,41.889453163075665,2024,7,2024-07
2024-07-26,1.0483636947661565,1.0483636947661565,25.854708262299564,42.93781685784182,2024,7,2024-07
2024-07-27,0.0,0.0,16.87725528599513,36.2983217361871,2024,7,2024-07
2024-07-28,0.0,0.0,1.0483636947661494,25.854708262299585,2024,7,2024-07
2024-07-29,11.254957884246545,11.254957884246545,11.254957884246538,28.132213170241695,2024,7,2024-07
2024-07-30,0.3708105324181583,0.3708105324181583,11.625768416664696,12.674132111430874,2024,7,2024-07
2024-07-31,18.672088540526406,18.672088540526406,30.2978569571911,30.297856957191122,2024,7,2024-07
2024-08-01,0.3170600728922796,0.3170600728922796,19.35995914583684,30.614917030083404,2024,8,2024-08
2024-08-02,0.9463659041715659,0.9463659041715659,19.935514517590246,31.561282934254972,2024,8,2024-08
2024-08-03,1.7131334377814975,1.7131334377814975,2.976559414845336,22.019458487789922,2024,8,2024-08
2024-08-04,8.171891306383863,8.171891306383863,10.83139064833692,29.820539261755627,2024,8,2024-08
2024-08-05,25.711312401036217,25.711312401036217,35.59633714520157,36.859763122265434,2024,8,2024-08
2024-08-06,0.17899111021165603,0.17899111021165603,34.062194817631735,36.721694159584814,2024,8,2024-08
2024-08-07,1.7504077166995178,1.7504077166995178,27.640711227947385,37.52573597211276,2024,8,2024-08
2024-08-08,0.0,0.0,1.9293988269111666,35.81260253433127,2024,8,2024-08
2024-08-09,0.08721600302959616,0.08721600302959616,1.8376237197291065,27.727927230977002,2024,8,2024-08
2024-08-10,56.71521722849989,56.71521722849989,56.80243323152948,58.73183205844067,2024,8,2024-08
2024-08-11,1.91271608638413,1.91271608638413,58.71514931791361,60.46555703461315,2024,8,2024-08
2024-08-12,5.61874661755327,5.61874661755327,64.24667993243727,64.3338959354669,2024,8,2024-08
2024-08-13,14.795139301636695,14.795139301636695,22.326602005574088,79.1290352371036,2024,8,2024-08
2024-08-14,0.0,0.0,20.41388591918996,79.041819234074,2024,8,2024-08
2024-08-15,9.556332064238472,9.556332064238472,24.35147136587516,31.88293406981258,2024,8,2024-08
2024-08-16,0.0,0.0,9.556332064238465,29.97021798342845,2024,8,2024-08
2024-08-17,0.0,0.0,9.556332064238465,24.35147136587518,2024,8,2024-08
2024-08-18,0.066805064817828,0.066805064817828,0.06680506481782089,9.623137129056314,2024,8,2024-08
2024-08-19,0.036700527439815736,0.036700527439815736,0.10350559225763663,9.65983765649613,2024,8,2024-08
2024-08-20,0.0,0.0,0.10350559225763663,0.10350559225765794,2024,8,2024-08
2024-08-21,0.7886969392768339,0.7886969392768339,0.8253974667166426,0.8922025315344919,2024,8,2024-08
2024-08-22,2.4776934538422477,2.4776934538422477,3.2663903931190745,3.36989598537674,2024,8,2024-08
2024-08-23,26.780153865029224,26.780153865029224,30.046544258148298,30.083244785588136,2024,8,2024-08
2024-08-24,24.34714360202487,24.34714360202487,53.604990920896334,54.39368786017319,2024,8,2024-08
2024-08-25,13.365230466313344,13.365230466313344,64.49252793336744,67.75891832648654,2024,8,2024-08
2024-08-26,1.2203927407220247,1.2203927407220247,38.93276680906023,68.19061412793172,2024,8,2024-08
2024-08-27,15.396589454376484,15.396589454376484,29.982212661411843,81.10951012846596,2024,8,2024-08
2024-08-28,9.195670555795768,9.195670555795768,25.812652750894273,63.52502681923251,2024,8,2024-08
2024-08-29,5.6800925814763925,5.6800925814763925,30.272352591648637,44.85797579868403,2024,8,2024-08
2024-08-30,7.8236556108176,7.8236556108176,22.699418748089755,39.316400943188285,2024,8,2024-08
2024-08-31,12.038759644694256,12.038759644694256,25.542507836988243,50.13476784716051,2024,8,2024-08
2024-09-01,9.074905912275874,9.074905912275874,28.937321167787722,43.8130843050599,2024,9,2024-09
2024-09-02,51.733335110345244,51.733335110345244,72.84700066731537,86.35074885960938,2024,9,2024-09
2024-09-03,2.3267309954865483,2.3267309954865483,63.13497201810766,82.99738727361952,2024,9,2024-09
2024-09-04,0.0,0.0,54.06006610583179,75.17373166280193,2024,9,2024-09
2024-09-05,0.0,0.0,2.326730995486541,63.13497201810768,2024,9,2024-09
2024-09-06,8.677381450909992,8.677381450909992,8.677381450909985,62.7374475567418,2024,9,2024-09
2024-09-07,1.1613909206791577,1.1613909206791577,9.838772371589144,12.165503367075711,2024,9,2024-09
2024-09-08,4.497627132534172,4.497627132534172,14.336399504123314,14.336399504123335,2024,9,2024-09
2024-09-09,8.486969374454047,8.486969374454047,14.14598742766737,22.823368878577384,2024,9,2024-09
2024-09-10,12.29548044148372,12.29548044148372,25.28007694847193,35.1188493200611,2024,9,2024-09
2024-09-11,5.293987699112669,5.293987699112669,26.07643751505043,31.73545556826378,2024,9,2024-09
2024-09-12,7.93577949571332,7.93577949571332,25.5252476363097,38.50984414329794,2024,9,2024-09
2024-09-13,1.4950416814264695,1.4950416814264695,14.724808876252451,35.50725869219024,2024,9,2024-09
2024-09-14,5.50995346650617,5.50995346650617,14.940774643645954,32.53024278424236,2024,9,2024-09
2024-09-15,4.989845785208582,4.989845785208582,11.994840933141214,25.224608127967226,2024,9,2024-09
2024-09-16,0.6944524326320071,0.6944524326320071,11.194251684346751,20.625072861486565,2024,9,2024-09
2024-09-17,1.8268916135283735,1.8268916135283735,7.511189831368955,14.516184979301617,2024,9,2024-09
2024-09-18,9.453512264743317,9.453512264743317,11.97485631090369,22.474655562618466,2024,9,2024-09
2024-09-19,0.0,0.0,11.280403878271683,16.964702096112298,2024,9,2024-09
2024-09-20,0.03118209009173514,0.03118209009173514,9.484694354835044,12.006038400995447,2024,9,2024-09
2024-09-21,0.36767963548946475,0.36767963548946475,0.39886172558119276,11.679265603852906,2024,9,2024-09
2024-09-22,0.0,0.0,0.39886172558119276,9.852373990324534,2024,9,2024-09
2024-09-23,6.906289544705593,6.906289544705593,7.27396918019505,7.305151270286808,2024,9,2024-09
2024-09-24,1.4132580726063635,1.4132580726063635,8.31954761731195,8.718409342893171,2024,9,2024-09
2024-09-25,11.008297539845238,11.008297539845238,19.327845157157185,19.695524792646673,2024,9,2024-09
2024-09-26,25.403701946031074,25.403701946031074,37.82525755848267,44.731547103188284,2024,9,2024-09
2024-09-27,13.677422671177618,13.677422671177618,50.089422157053924,58.4089697743659,2024,9,2024-09
2024-09-28,3.5670292749351287,3.5670292749351287,42.64815389214382,55.06970950459544,2024,9,2024-09
2024-09-29,8.105434099097623,8.105434099097623,25.34988604521036,61.7618855310867,2024,9,2024-09
2024-09-30,4.9876337919665374,4.9876337919665374,16.660097165999282,55.741221783208,2024,9,2024-09
2024-10-01,7.564478388364516,7.564478388364516,20.65754627942867,37.90199822554144,2024,10,2024-10
2024-10-02,13.445603228352423,13.445603228352423,25.99771540868347,37.67017878271625,2024,10,2024-10
2024-10-03,5.8570689927843524,5.8570689927843524,26.867150609501287,39.960218500565475,2024,10,2024-10
2024-10-04,11.0074709661692,11.0074709661692,30.310143187305968,42.86225536763705,2024,10,2024-10
2024-10-05,8.436964905252996,8.436964905252996,25.301504864206542,46.31158648092351,2024,10,2024-10
2024-10-06,20.221979595062198,20.221979595062198,39.66641546648439,58.96908768762118,2024,10,2024-10
2024-10-07,6.804506511118289,6.804506511118289,35.46345101143348,52.32799097038705,2024,10,2024-10
2024-10-08,0.0,0.0,27.026486106180485,46.4709219776027,2024,10,2024-10
2024-10-09,11.769577294532185,11.769577294532185,18.574083805650467,47.23302830596568,2024,10,2024-10
2024-10-10,13.452870646551942,13.452870646551942,25.22244794108412,52.24893404726463,2024,10,2024-10
2024-10-11,0.02660606022601137,0.02660606022601137,25.24905400131013,32.05356051242844,2024,10,2024-10
2024-10-12,0.5761154884002386,0.5761154884002386,14.055592195178185,25.82516948971039,2024,10,2024-10
2024-10-13,0.08303646285937889,0.08303646285937889,0.6857580114856219,25.90820595256977,2024,10,2024-10
2024-10-14,5.107342317378717,5.107342317378717,5.766494268638327,19.245970975416302,2024,10,2024-10
2024-10-15,2.020759523775186,2.020759523775186,7.211138304013274,7.813859852639546,2024,10,2024-10
2024-10-16,5.079563376926054,5.079563376926054,12.20766521807995,12.86681716933959,2024,10,2024-10
2024-10-17,1.0002058684652642,1.0002058684652642,8.100528769166496,13.290907549404615,2024,10,2024-10
2024-10-18,0.0,0.0,6.0797692453913115,13.207871086545236,2024,10,2024-10
2024-10-19,3.365807563276447,3.365807563276447,4.366013431741704,11.466336332442967,2024,10,2024-10
2024-10-20,2.2881669970990113,2.2881669970990113,5.653974560375451,11.73374380576679,2024,10,2024-10
2024-10-21,7.880245528133975,7.880245528133975,13.534220088509427,14.534425956974712,2024,10,2024-10
2024-10-22,15.5640491365127,15.5640491365127,25.73246166174568,29.09826922502215,2024,10,2024-10
2024-10-23,6.542137424592741,6.542137424592741,29.98643208923941,35.64040664961489,2024,10,2024-10
2024-10-24,12.136948546882707,12.136948546882707,34.24313510798814,44.41154763322115,2024,10,2024-10
2024-10-25,4.4235988165760505,4.4235988165760505,23.10268478805149,46.54697945269819,2024,10,2024-10
2024-10-26,0.0,0.0,16.56054736345875,38.66673392456421,2024,10,2024-10
2024-10-27,3.3835018875284497,3.3835018875284497,7.807100704104493,26.486186675579958,2024,10,2024-10
2024-10-28,0.0,0.0,3.3835018875284426,19.94404925098722,2024,10,2024-10
2024-10-29,0.0,0.0,3.3835018875284426,7.807100704104514,2024,10,2024-10
2024-10-30,1.4670473109470097,1.4670473109470097,1.4670473109470026,4.850549198475473,2024,10,2024-10
2024-10-31,1.6646772562238297,1.6646772562238297,3.1317245671708323,6.515226454699303,2024,10,2024-10
2024-11-01,1.080801140165622,1.080801140165622,4.212525707336454,4.212525707336475,2024,11,2024-11
2024-11-02,0.0,0.0,2.7454783963894447,4.212525707336475,2024,11,2024-11
2024-11-03,0.0,0.0,1.0808011401656148,4.212525707336475,2024,11,2024-11
2024-11-04,8.128816278952277,8.128816278952277,8.12881627895227,10.874294675341742,2024,11,2024-11
2024-11-05,16.8972214190701,16.8972214190701,25.02603769802237,26.10683883818801,2024,11,2024-11
2024-11-06,0.17481542499204575,0.17481542499204575,25.20085312301442,25.200853123014436,2024,11,2024-11
2024-11-07,10.291560398276484,10.291560398276484,27.36359724233862,35.49241352129092,2024,11,2024-11
2024-11-08,0.2005394378512305,0.2005394378512305,10.666915261119753,35.69295295914215,2024,11,2024-11
2024-11-09,39.89496046477243,39.89496046477243,50.38706030090014,67.4590971449623,2024,11,2024-11
2024-11-10,3.051425569694336,3.051425569694336,43.146925472317996,53.613301295586545,2024,11,2024-11
2024-11-11,20.220798270130217,20.220798270130217,63.16718430459698,73.65928414072471,2024,11,2024-11
2024-11-12,54.85930108117134,54.85930108117134,78.13152492099589,118.22702482361957,2024,11,2024-11
2024-11-13,11.755829748816007,11.755829748816007,86.83592910011757,129.78231513458434,2024,11,2024-11
2024-11-14,0.0944612366368446,0.0944612366368446,66.7095920666242,89.98181590644877,2024,11,2024-11
2024-11-15,0.972440354933079,0.972440354933079,12.822731340385923,87.9028306916875,2024,11,2024-11
2024-11-16,1.8973505077342943,1.8973505077342943,2.9642520993042107,69.57938292929158,2024,11,2024-11
2024-11-17,7.520557180776976,7.520557180776976,10.390348043444341,22.240639028897213,2024,11,2024-11
2024-11-18,7.979079522747269,7.979079522747269,17.396987211258534,18.463888802828478,2024,11,2024-11
2024-11-19,12.44235274185815,12.44235274185815,27.941989445382386,30.81178030804978,2024,11,2024-11
2024-11-20,0.19188445249782432,0.19188445249782432,20.613316717103235,30.031224405614527,2024,11,2024-11
2024-11-21,0.0,0.0,12.634237194355967,28.133873897880232,2024,11,2024-11
2024-11-22,0.0,0.0,0.19188445249781722,20.613316717103256,2024,11,2024-11
2024-11-23,29.193193065092782,29.193193065092782,29.193193065092775,41.82743025944877,2024,11,2024-11
2024-11-24,24.67986856696672,24.67986856696672,53.873061632059496,54.06494608455734,2024,11,2024-11
2024-11-25,5.155728403260909,5.155728403260909,59.028790035320405,59.02879003532043,2024,11,2024-11
2024-11-26,22.914574026665615,22.914574026665615,52.75017099689324,81.94336406198605,2024,11,2024-11
2024-11-27,0.0,0.0,28.070302429926517,81.94336406198605,2024,11,2024-11
2024-11-28,0.4996544887693446,0.4996544887693446,23.414228515434953,53.2498254856626,2024,11,2024-11
2024-11-29,0.0,0.0,0.4996544887693375,28.569956918695883,2024,11,2024-11
2024-11-30,3.7648977107163337,3.7648977107163337,4.264552199485671,27.179126226151308,2024,11,2024-11
2024-12-01,3.0152574428411154,3.0152574428411154,6.780155153557442,7.279809642326808,2024,12,2024-12
2024-12-02,0.0,0.0,6.780155153557442,7.279809642326808,2024,12,2024-12
2024-12-03,1.7814498121931988,1.7814498121931988,4.796707255034307,8.561604965750663,2024,12,2024-12
2024-12-04,0.0,0.0,1.7814498121931917,8.561604965750663,2024,12,2024-12
2024-12-05,0.0,0.0,1.7814498121931917,4.796707255034329,2024,12,2024-12
2024-12-06,0.0,0.0,0.0,1.781449812193213,2024,12,2024-12
2024-12-07,0.0,0.0,0.0,1.781449812193213,2024,12,2024-12
2024-12-08,0.03055539012929994,0.03055539012929994,0.030555390129292835,0.03055539012931415,2024,12,2024-12
2024-12-09,2.5853310818230417,2.5853310818230417,2.6158864719523347,2.615886471952356,2024,12,2024-12
2024-12-10,8.331114944253178,8.331114944253178,10.947001416205513,10.947001416205534,2024,12,2024-12
2024-12-11,2.949343338530237,2.949343338530237,13.865789364606451,13.896344754735772,2024,12,2024-12
2024-12-12,0.0,0.0,11.280458282783409,13.896344754735772,2024,12,2024-12
2024-12-13,0.0,0.0,2.94934333853023,13.865789364606472,2024,12,2024-12
2024-12-14,4.3013900263519815,4.3013900263519815,4.301390026351974,15.581848309135411,2024,12,2024-12
2024-12-15,0.7276154727205834,0.7276154727205834,5.029005499072558,7.978348837602817,2024,12,2024-12
2024-12-16,0.4916549929769061,0.4916549929769061,5.520660492049464,5.520660492049486,2024,12,2024-12
2024-12-17,10.345230702007141,10.345230702007141,11.564501167704623,15.865891194056626,2024,12,2024-12
2024-12-18,20.59552157648522,20.59552157648522,31.43240727146926,36.46141277054184,2024,12,2024-12
2024-12-19,29.06348323877409,29.06348323877409,60.00423551726644,61.22350598296396,2024,12,2024-12
2024-12-20,1.4252608439950438,1.4252608439950438,51.08426565925434,61.92115135423841,2024,12,2024-12
2024-12-21,2.9285640121095695,2.9285640121095695,33.4173080948787,64.35806037337107,2024,12,2024-12
2024-12-22,3.6762256184443034,3.6762256184443034,8.03005047454891,57.68905528980824,2024,12,2024-12
2024-12-23,0.0,0.0,6.604789630553865,37.093533713323026,2024,12,2024-12
2024-12-24,0.14377774512545669,0.14377774512545669,3.820003363569753,8.173828219674387,2024,12,2024-12
2024-12-25,0.0,0.0,0.14377774512544958,6.748567375679343,2024,12,2024-12
2024-12-26,0.0,0.0,0.14377774512544958,3.820003363569774,2024,12,2024-12
2024-12-27,0.0,0.0,0.0,0.1437777451254709,2024,12,2024-12
2024-12-28,1.752719297593013,1.752719297593013,1.752719297593006,1.896497042718484,2024,12,2024-12
2024-12-29,0.0,0.0,1.752719297593006,1.7527192975930272,2024,12,2024-12
2024-12-30,4.358279067388218,4.358279067388218,6.110998364981224,6.110998364981246,2024,12,2024-12
2024-12-31,64.03675860120684,64.03675860120684,68.39503766859505,70.14775696618808,2024,12,2024-12
