iso3,country,year,month,year_month,date,monthly_total_mm_pop,monthly_mean_daily_mm_pop,monthly_max_1d_mm_pop,monthly_max_3d_mm_pop,monthly_max_5d_mm_pop,monthly_p95_daily_mm_pop,monthly_p99_daily_mm_pop,monthly_n_days_above_20mm_pop,monthly_n_days_above_50mm_pop,n_days_observed
LCA,Saint Lucia,2007,1,2007-01,2007-01-01,107.40243327070165,3.464594621635537,15.718404851823642,31.795991630575735,39.267109052683054,11.703319013776053,14.518606690816672,0,0,31
LCA,Saint Lucia,2007,2,2007-02,2007-02-01,62.473589152285854,2.2311996125816376,16.42481911625956,20.299419065064665,29.81018960527213,9.257783657841172,14.558026000725498,0,0,28
LCA,Saint Lucia,2007,3,2007-03,2007-03-01,61.32247024026874,1.9781442012989916,21.742760779602513,37.78985811085671,41.92635713889351,10.863369917572367,19.78953875615306,1,0,31
LCA,Saint Lucia,2007,4,2007-04,2007-04-01,112.47175104874003,3.7490583682913345,101.03506357721614,138.00984505825633,142.96142071610964,2.7286235718547416,72.59405500591062,1,1,30
LCA,Saint Lucia,2007,5,2007-05,2007-05-01,55.214385859000814,1.7811092212580908,18.092274269842424,18.092274269842424,18.092274269842424,8.382361333840805,15.284451641576926,0,0,31
LCA,Saint Lucia,2007,6,2007-06,2007-06-01,144.31345500001686,4.810448500000562,61.549538467351404,100.86792917367313,101.7623729753586,39.695242189835405,56.03998609897041,3,1,30
LCA,Saint Lucia,2007,7,2007-07,2007-07-01,144.16308643268667,4.650422142989893,62.374982088217244,89.18029289384339,105.24794316116665,24.926337128444565,51.459713569712335,3,1,31
LCA,Saint Lucia,2007,8,2007-08,2007-08-01,386.367761894175,12.463476190134676,103.08022435654617,128.8502804456827,166.80191043055146,58.81865051031341,96.06185836030973,7,2,31
LCA,Saint Lucia,2007,9,2007-09,2007-09-01,148.7988899161572,4.95996299720524,57.4562325814653,94.0468493594519,94.0468493594519,30.47090229387581,50.608332216479184,3,1,30
LCA,Saint Lucia,2007,10,2007-10,2007-10-01,279.7375374334825,9.023791530112339,53.65750506735539,125.91454429520773,142.17989969654892,44.49691569407109,52.86465568574756,6,2,31
LCA,Saint Lucia,2007,11,2007-11,2007-11-01,113.99387876082571,3.7997959586941903,23.940890023516722,37.81394443843061,52.21289106348145,12.957665447159327,20.839967211361795,1,0,30
LCA,Saint Lucia,2007,12,2007-12,2007-12-01,138.4493844261563,4.4661091750373005,103.67412114214368,111.02022849189781,111.02022849189781,4.561199455945829,73.96457541158603,1,1,31
LCA,Saint Lucia,2008,1,2008-01,2008-01-01,89.5353942313672,2.8882385235924906,26.12066670942979,34.6679177722866,38.123201917485915,12.346296359824812,23.12806919363869,1,0,31
LCA,Saint Lucia,2008,2,2008-02,2008-02-01,83.64964316200908,2.884470453862382,25.90628685933629,25.90628685933629,30.811960783422997,9.899285045475116,21.599488683098315,1,0,29
LCA,Saint Lucia,2008,3,2008-03,2008-03-01,83.3486191396343,2.68866513353659,83.3486191396343,83.3486191396343,83.3486191396343,0.0,58.34403339774394,1,1,31
LCA,Saint Lucia,2008,4,2008-04,2008-04-01,82.5117145610363,2.7503904853678764,16.24526260136102,27.889911303507905,34.8448967180902,11.469698719996588,15.548943427513775,0,0,30
LCA,Saint Lucia,2008,5,2008-05,2008-05-01,94.86231250090985,3.0600745968035437,20.417092114717036,41.472006143126876,50.88191999609511,18.444003583588092,20.375518935961196,2,0,31
LCA,Saint Lucia,2008,6,2008-06,2008-06-01,188.06079836059124,6.268693278686374,42.45588453475919,60.85404140350406,73.64085073401299,32.87831895663369,40.080176944081124,5,0,30
LCA,Saint Lucia,2008,7,2008-07,2008-07-01,183.89184944945148,5.931995143530693,57.292520026795906,92.31297632709392,105.795769158929,28.43371150720965,49.35668192945546,4,1,31
LCA,Saint Lucia,2008,8,2008-08,2008-08-01,199.2371846399969,6.427005956128933,56.15901583720902,97.9600084457812,107.53911791600743,36.85837863764209,51.85160886861796,4,1,31
LCA,Saint Lucia,2008,9,2008-09,2008-09-01,263.3292567679132,8.777641892263773,97.05354779071513,142.32725974164507,143.62220030266238,44.75802464539311,83.061656806369,4,1,30
LCA,Saint Lucia,2008,10,2008-10,2008-10-01,409.9381879347609,13.223812514024544,70.32009954941591,157.16094643693305,204.50299312577823,47.67061730251358,64.50064138896427,10,2,31
LCA,Saint Lucia,2008,11,2008-11,2008-11-01,259.1541280221726,8.63847093407242,166.31731029433857,166.31731029433857,259.1541280221726,51.06024975030846,145.00796745005232,2,2,30
LCA,Saint Lucia,2008,12,2008-12,2008-12-01,248.26061176299012,8.008406831064198,124.21162864914356,248.26061176299012,248.26061176299012,62.02449155692328,124.16283498855447,2,2,31
LCA,Saint Lucia,2009,1,2009-01,2009-01-01,157.12168081902598,5.068441316742773,25.716729689229396,36.90824972679452,55.48786956560805,16.075549801505517,22.943276554084576,1,0,31
LCA,Saint Lucia,2009,2,2009-02,2009-02-01,66.61696714517906,2.3791773980421094,11.1591647299453,28.229121099401354,28.22912109940135,10.16201464325384,11.031217441140871,0,0,28
LCA,Saint Lucia,2009,3,2009-03,2009-03-01,59.80191381831038,1.9290939941390446,14.702741166114999,16.33922706935526,25.24549980319699,10.077713571698677,13.666665139147185,0,0,31
LCA,Saint Lucia,2009,4,2009-04,2009-04-01,122.2806101096236,4.076020336987453,50.71450597669426,58.77896504101801,58.77896504101801,15.115988891013206,41.557734305067264,1,1,30
LCA,Saint Lucia,2009,5,2009-05,2009-05-01,195.2968610308879,6.299898742931868,79.17161208325075,85.44806497518387,91.2874641645551,39.73913174081606,68.4183763837253,3,1,31
LCA,Saint Lucia,2009,6,2009-06,2009-06-01,141.08626329707542,4.702875443235848,65.61967369325369,83.97918415117311,94.18336594027406,27.947754793274235,58.150267523982976,2,1,30
LCA,Saint Lucia,2009,7,2009-07,2009-07-01,213.02492692185672,6.871771836188926,62.53392527390256,83.09305872455406,131.07956482275125,46.86647212020965,58.169699521190935,3,1,31
LCA,Saint Lucia,2009,8,2009-08,2009-08-01,145.03264741972922,4.6784724974106195,66.90033861979455,128.5903393613025,131.68702648097147,30.84500037075398,58.6221239925738,3,1,31
LCA,Saint Lucia,2009,9,2009-09,2009-09-01,195.48564257469414,6.516188085823138,94.89049098797359,160.82274837575653,160.82274837575653,38.999108691582926,80.4853659404267,4,1,30
LCA,Saint Lucia,2009,10,2009-10,2009-10-01,158.35238489712404,5.108141448294324,64.49685888325696,64.49685888325696,66.52638801767051,43.175012961348415,62.854067596229946,3,2,31
LCA,Saint Lucia,2009,11,2009-11,2009-11-01,139.84769740251792,4.661589913417264,77.75793341234949,133.19582451281497,134.41394580122088,30.07058447162543,70.06637980437482,2,2,30
LCA,Saint Lucia,2009,12,2009-12,2009-12-01,101.32920439354201,3.2686840126949037,18.14340931335016,23.889808692880585,29.979293575907285,12.970344191764084,16.651389484615397,0,0,31
LCA,Saint Lucia,2010,1,2010-01,2010-01-01,96.93047312315478,3.126789455585638,17.33155807962025,28.99097005704889,28.99097005704889,11.580468527429915,15.629914248962763,0,0,31
LCA,Saint Lucia,2010,2,2010-02,2010-02-01,24.003791252705938,0.857278259025212,8.552878632132604,19.1103124497471,24.763676626440436,6.648319194688778,8.520170177655102,0,0,28
LCA,Saint Lucia,2010,3,2010-03,2010-03-01,72.30624944808291,2.3324596596155778,13.19892122652773,17.295857905195245,28.166262467387124,10.95641258560401,12.864033071626123,0,0,31
LCA,Saint Lucia,2010,4,2010-04,2010-04-01,114.6654509673397,3.822181698911323,19.165775031937805,39.11700854066852,53.5230356476631,15.182085496555189,18.345867397056683,0,0,30
LCA,Saint Lucia,2010,5,2010-05,2010-05-01,182.66467141175886,5.892408755218027,104.32708739556506,152.48230594565973,169.98283075398143,32.82787167920819,87.4755267419239,2,1,31
LCA,Saint Lucia,2010,6,2010-06,2010-06-01,335.3824641952475,11.179415473174917,122.60101993676794,138.64499538958344,232.13388516262933,63.29442718387891,106.6860402323255,4,3,30
LCA,Saint Lucia,2010,7,2010-07,2010-07-01,285.3612491720422,9.20520158619491,62.38376916667005,107.87826471506972,125.22578492198836,44.76152039213119,59.0494804622342,5,2,31
LCA,Saint Lucia,2010,8,2010-08,2010-08-01,352.89564878474846,11.383730605959627,110.12566136340824,136.78343064461922,155.94417598930738,36.43876832618062,89.89161323013366,6,1,31
LCA,Saint Lucia,2010,9,2010-09,2010-09-01,299.9965193711784,9.99988397903928,77.21786796412205,117.47243742922228,133.91442365381545,41.258183917278814,67.91998176651691,7,1,30
LCA,Saint Lucia,2010,10,2010-10,2010-10-01,327.33623040316303,10.55923323881171,89.80591628036971,157.76309867605556,157.7630986760556,45.12506774532969,78.76264344571757,6,2,31
LCA,Saint Lucia,2010,11,2010-11,2010-11-01,242.49876800640743,8.083292266880248,133.80598268793548,182.7517757862913,182.75177578629132,44.71107849824056,108.30026719667379,3,1,30
LCA,Saint Lucia,2010,12,2010-12,2010-12-01,236.21294504559128,7.619772420825525,131.54781673892856,137.31453309235766,142.5793308821507,47.59003773683314,118.90747945332112,2,2,31
LCA,Saint Lucia,2011,1,2011-01,2011-01-01,122.52762326642072,3.952503976336152,17.2010489368356,30.974562554979585,32.29018288482121,13.2595636864115,16.172788341228113,0,0,31
LCA,Saint Lucia,2011,2,2011-02,2011-02-01,58.17323052207762,2.0776153757884863,12.101995994548941,22.19631951886423,28.985953231216257,9.741178723113018,11.559924427585857,0,0,28
LCA,Saint Lucia,2011,3,2011-03,2011-03-01,82.52017617207461,2.6619411668411166,16.013548781609444,27.15308111035244,34.45000110673198,9.83331072268112,14.551343845749505,0,0,31
LCA,Saint Lucia,2011,4,2011-04,2011-04-01,316.7055615740376,10.556852052467919,157.41366211907786,157.41366211907786,157.41366211907786,80.64077004260633,142.22368846762217,3,3,30
LCA,Saint Lucia,2011,5,2011-05,2011-05-01,229.88766236354792,7.415731043985416,137.0297435500318,157.41366211907786,298.2129794551249,36.593018191377894,111.63002095178908,3,2,31
LCA,Saint Lucia,2011,6,2011-06,2011-06-01,195.03929172891762,6.501309724297254,69.85441689605261,69.85441689605261,96.4365184527414,26.906086683686702,57.47627396914513,4,1,30
LCA,Saint Lucia,2011,7,2011-07,2011-07-01,366.20504731401587,11.813066042387609,55.51030313480743,99.56130462177492,136.07129103668885,43.94064542087132,52.07251264045544,10,1,31
LCA,Saint Lucia,2011,8,2011-08,2011-08-01,343.4589824242367,11.079322013685054,105.50629874767411,170.42400050609638,170.42400050609638,49.20780978129348,89.69636052008327,6,2,31
LCA,Saint Lucia,2011,9,2011-09,2011-09-01,269.60756705336195,8.986918901778731,81.08446156425259,172.96994708084566,175.94487016017553,47.01606068399363,74.00598509504714,5,2,30
LCA,Saint Lucia,2011,10,2011-10,2011-10-01,206.2066128365405,6.6518262205335645,71.15943613509448,90.94833117836129,90.94833117836129,40.69272999068596,63.21085108030066,3,1,31
LCA,Saint Lucia,2011,11,2011-11,2011-11-01,353.04575379384715,11.768191793128238,77.38239658463795,184.44868811919383,200.51896011055567,73.75500184078334,77.20357924618857,5,4,30
LCA,Saint Lucia,2011,12,2011-12,2011-12-01,173.1666113130895,5.586019719777081,78.62635860049377,165.6561606807596,272.72245221531546,38.11476771102807,69.65620807519863,3,1,31
LCA,Saint Lucia,2012,1,2012-01,2012-01-01,76.17652711332344,2.4573073262362404,12.265561685355186,18.32457748969557,25.32219663422172,11.342964851949969,12.220115068964182,0,0,31
LCA,Saint Lucia,2012,2,2012-02,2012-02-01,57.93850275331674,1.997879405286784,16.723344872708093,19.590928726908466,19.590928726908466,10.814671706474499,15.439979816099973,0,0,29
LCA,Saint Lucia,2012,3,2012-03,2012-03-01,92.61598204092964,2.987612323900956,33.521040730181134,45.81241907924988,45.81241907924988,12.093903915834712,28.311709629779518,1,0,31
LCA,Saint Lucia,2012,4,2012-04,2012-04-01,96.89228571212114,3.2297428570707045,34.13979123400929,52.244354132803466,57.69676365033449,12.260453380360616,27.94721790202472,1,0,30
LCA,Saint Lucia,2012,5,2012-05,2012-05-01,304.951731003864,9.83715261302787,67.24272573149183,97.04667185541734,153.04852594029043,50.192960991918554,64.3154036703305,6,2,31
LCA,Saint Lucia,2012,6,2012-06,2012-06-01,81.64682537485831,2.7215608458286105,37.676563870659905,38.31184318284476,43.14755801279627,20.484962789920047,36.159797085324485,2,0,30
LCA,Saint Lucia,2012,7,2012-07,2012-07-01,160.53859337496445,5.178664302418208,52.647960682579026,52.647960682579026,86.54157267299321,31.993673055061862,47.399239716085944,4,1,31
LCA,Saint Lucia,2012,8,2012-08,2012-08-01,269.10005603805973,8.680646968969668,66.20341171455674,76.3910892511588,82.00457995899086,38.792769743516914,58.27156283073692,5,1,31
LCA,Saint Lucia,2012,9,2012-09,2012-09-01,148.97010226918474,4.965670075639491,83.01153211340922,96.39986622950026,96.39986622950026,27.422731085123495,69.85994991559066,2,1,30
LCA,Saint Lucia,2012,10,2012-10,2012-10-01,257.2913176925605,8.299719925566468,66.48977673164121,137.4339909497499,141.13762133501058,47.38978373315736,61.865020416237606,5,2,31
LCA,Saint Lucia,2012,11,2012-11,2012-11-01,186.6186644887448,6.220622149624827,128.622779499102,186.6186644887448,186.6186644887448,31.89773674430337,108.14098009135888,2,2,30
LCA,Saint Lucia,2012,12,2012-12,2012-12-01,165.96450252222112,5.353693629749069,24.77910976031516,43.887159525339115,62.474691856691,15.981383245993197,22.36946210380482,1,0,31
LCA,Saint Lucia,2013,1,2013-01,2013-01-01,81.0798183505018,2.6154780113065095,11.8846114490516,27.266953662439146,37.06687567297935,10.46156489874464,11.60986907617092,0,0,31
LCA,Saint Lucia,2013,2,2013-02,2013-02-01,67.23174103107466,2.4011336082526666,16.029887737709842,27.21022625835481,33.49757985318941,9.83137802364361,14.370576092323258,0,0,28
LCA,Saint Lucia,2013,3,2013-03,2013-03-01,65.31855323954464,2.10705010450144,14.441475252401197,21.262450492974303,22.237763901064426,11.676090307859283,14.07020231775708,0,0,31
LCA,Saint Lucia,2013,4,2013-04,2013-04-01,181.31893472435408,6.043964490811803,164.12820161831928,164.12820161831928,164.12820161831928,9.454903208319086,121.5163357497569,1,1,30
LCA,Saint Lucia,2013,5,2013-05,2013-05-01,193.6798105151537,6.2477358230694735,122.66989422079715,164.12820161831928,179.87043835278433,28.600272065993593,97.21856552947645,2,1,31
LCA,Saint Lucia,2013,6,2013-06,2013-06-01,220.2569722323671,7.341899074412237,31.76991637025924,53.74646845333083,77.35744080281863,28.719000127257523,31.286098088221152,7,0,30
LCA,Saint Lucia,2013,7,2013-07,2013-07-01,135.46833513363947,4.3699462946335315,73.12289538120504,104.97798689209932,104.97798689209932,25.01696254315562,59.613038909463015,3,1,31
LCA,Saint Lucia,2013,8,2013-08,2013-08-01,241.27762302427422,7.783149129815297,61.31196229090756,76.74686703735341,112.33197285589321,33.32451447857464,53.59390534919721,6,1,31
LCA,Saint Lucia,2013,9,2013-09,2013-09-01,202.37665307901676,6.745888435967226,45.38333634367245,80.152699972333,84.86491869840798,34.416104004485014,42.305284256319005,4,0,30
LCA,Saint Lucia,2013,10,2013-10,2013-10-01,289.6395912414947,9.343212620693377,45.81067527479685,66.61681328599552,108.50766449141638,37.834561273733186,43.66277054157311,6,0,31
LCA,Saint Lucia,2013,11,2013-11,2013-11-01,164.10839920294563,5.470279973431521,52.69356412609637,105.38703938490717,105.38758414810731,42.22198014533036,52.544880300392975,4,2,30
LCA,Saint Lucia,2013,12,2013-12,2013-12-01,247.72122869468342,7.991007377247852,174.27007959403144,231.79091657808473,231.79091657808473,33.00847875615048,139.24530681103792,2,2,31
LCA,Saint Lucia,2014,1,2014-01,2014-01-01,93.49828742570669,3.016073787926022,13.733601127348468,26.885320164558664,27.328910849315708,12.50647345996353,13.559036500306984,0,0,31
LCA,Saint Lucia,2014,2,2014-02,2014-02-01,83.4522506232792,2.9804375222599715,13.521169106695591,28.180819192959625,37.44148784362344,11.148470265696936,13.181117043170758,0,0,28
LCA,Saint Lucia,2014,3,2014-03,2014-03-01,47.32654533683093,1.5266627528009977,8.44202958709819,11.011298837672825,16.233948988732212,8.038689380302637,8.39505851866011,0,0,31
LCA,Saint Lucia,2014,4,2014-04,2014-04-01,83.05677034005517,2.768559011335172,19.323005701798415,23.380087065693864,23.928653804198866,12.100565554870022,17.23597831494744,0,0,30
LCA,Saint Lucia,2014,5,2014-05,2014-05-01,79.41886379251648,2.5618988320166607,29.5873841417663,54.70976299972713,54.70976299972713,20.031327786700135,28.247882556624656,2,0,31
LCA,Saint Lucia,2014,6,2014-06,2014-06-01,105.97201832502796,3.5324006108342654,48.19038179035521,68.1157018591567,77.23055834634751,16.892679961830506,39.993513891104655,1,0,30
LCA,Saint Lucia,2014,7,2014-07,2014-07-01,152.18584702234432,4.909220871688526,55.43712589916399,93.09961724946868,93.09961724946868,46.54980862473434,53.1050564308543,3,1,31
LCA,Saint Lucia,2014,8,2014-08,2014-08-01,202.56425829605067,6.534330912775828,53.176468320908356,58.01920936000428,100.31771983666484,40.054348336226965,51.36590327936279,5,1,31
LCA,Saint Lucia,2014,9,2014-09,2014-09-01,206.62314980894678,6.887438326964893,64.68728005031811,80.09190963042582,130.4387381703732,45.81193778817952,59.990163973334624,4,1,30
LCA,Saint Lucia,2014,10,2014-10,2014-10-01,213.83641721622848,6.897948942458983,49.68987786672754,77.98392786917269,104.85020908102817,31.859694889255728,45.83884707670606,6,0,31
LCA,Saint Lucia,2014,11,2014-11,2014-11-01,317.1961935514612,10.573206451715373,213.47248036377118,213.47248036377118,213.47248036377118,51.389655243077065,167.59490863695316,3,2,30
LCA,Saint Lucia,2014,12,2014-12,2014-12-01,95.22944805440704,3.0719176791744207,17.070783117609516,30.120741972185222,30.120741972185222,11.97460490506711,15.605337459216248,0,0,31
LCA,Saint Lucia,2015,1,2015-01,2015-01-01,88.22164354978983,2.845859469348059,19.907929896515057,35.1823706909553,35.182370690955295,13.894486654588047,19.171852344402314,0,0,31
LCA,Saint Lucia,2015,2,2015-02,2015-02-01,58.049477951355364,2.0731956411198342,11.037112462895932,17.049966009201288,23.441542605688237,9.924153042289825,10.75503469380212,0,0,28
LCA,Saint Lucia,2015,3,2015-03,2015-03-01,92.50470538717283,2.98402275442493,12.398565794398607,23.87572076875861,25.56547323293543,10.88353643353356,12.122142548387025,0,0,31
LCA,Saint Lucia,2015,4,2015-04,2015-04-01,67.1691723055766,2.2389724101858866,11.141679228262113,17.678283057386103,20.24318494271056,8.925695571437865,10.525610199497102,0,0,30
LCA,Saint Lucia,2015,5,2015-05,2015-05-01,43.12028871639577,1.3909770553676055,30.847847983541094,30.847847983541094,30.847847983541087,6.136220366427337,25.275225808335154,1,0,31
LCA,Saint Lucia,2015,6,2015-06,2015-06-01,73.79194189725291,2.459731396575097,33.40387852173866,56.575417510337864,56.57541751033786,17.5945635947521,30.436500057128228,2,0,30
LCA,Saint Lucia,2015,7,2015-07,2015-07-01,158.47890569277314,5.112222764283005,91.04240853469184,136.56361280203777,136.56361280203777,30.25891342454636,77.38604725448803,2,1,31
LCA,Saint Lucia,2015,8,2015-08,2015-08-01,125.63775549425976,4.052830822395476,83.7750625916254,136.56361280203777,136.56361280203777,19.313206872365246,69.48759222712715,2,1,31
LCA,Saint Lucia,2015,9,2015-09,2015-09-01,140.38948800830727,4.679649600276909,73.11995700872014,94.2235138296173,110.7172279502801,19.086711731246893,57.5284004712496,1,1,30
LCA,Saint Lucia,2015,10,2015-10,2015-10-01,155.03339906315327,5.001077389133976,46.34797892039284,53.15452556542793,97.91267967981655,26.417595813438105,42.87745825212745,2,0,31
LCA,Saint Lucia,2015,11,2015-11,2015-11-01,273.9167597677351,9.130558658924503,95.94491027945392,144.3762748898256,215.25412230198143,62.940371591532326,94.32909168131036,4,2,30
LCA,Saint Lucia,2015,12,2015-12,2015-12-01,147.02258501786815,4.7426640328344565,23.996984598983424,51.409923111596484,62.24417559281102,18.662524086040193,23.339542144349608,2,0,31
LCA,Saint Lucia,2016,1,2016-01,2016-01-01,101.19767036916163,3.264440979650375,18.634536536504825,30.111654927983793,36.0622666872197,13.545991940771332,17.41357710839774,0,0,31
LCA,Saint Lucia,2016,2,2016-02,2016-02-01,57.27312545128048,1.974935360388982,13.926607438519287,16.444043143916783,18.346271006698316,10.72674767291178,13.116457934400358,0,0,29
LCA,Saint Lucia,2016,3,2016-03,2016-03-01,100.20257312341349,3.232341068497209,19.149297388194682,34.210664657291325,34.9750951515392,11.56950991384383,16.87575645413236,0,0,31
LCA,Saint Lucia,2016,4,2016-04,2016-04-01,69.66059833639478,2.3220199445464926,15.895481587190593,22.667590707071565,24.805131942777784,11.314039506577183,14.63625543090369,0,0,30
LCA,Saint Lucia,2016,5,2016-05,2016-05-01,193.22550582130924,6.2330808329454594,41.488107766084916,76.81671043238066,76.81671043238066,35.61601385195213,39.812702947542,4,0,31
LCA,Saint Lucia,2016,6,2016-06,2016-06-01,206.2184071858717,6.873946906195724,57.995945462046,91.41889478962995,99.34611784439545,38.11990966705071,53.34635567113451,5,1,30
LCA,Saint Lucia,2016,7,2016-07,2016-07-01,297.647467759209,9.601531218039,57.31947791785111,86.60072479378411,101.2213226403555,44.58329244364262,54.66856090110987,7,1,31
LCA,Saint Lucia,2016,8,2016-08,2016-08-01,152.29716599482697,4.912811806284741,90.07195896016805,90.6555079460583,90.6555079460583,22.35334057274975,69.77372702814483,3,1,31
LCA,Saint Lucia,2016,9,2016-09,2016-09-01,350.7617540371434,11.692058467904781,110.08295564386451,160.4417032313471,190.43256958996523,45.68073351625373,92.7629353075138,4,2,30
LCA,Saint Lucia,2016,10,2016-10,2016-10-01,185.0600202854253,5.969678073723397,54.937431150040666,110.0829556438645,160.4417032313471,38.87306184557716,53.06762244764434,5,1,31
LCA,Saint Lucia,2016,11,2016-11,2016-11-01,475.52769788928913,15.850923262976304,131.18528757539673,190.80157606039555,206.68871239942703,83.53708845836505,117.84708351551072,6,4,30
LCA,Saint Lucia,2016,12,2016-12,2016-12-01,212.1302658836074,6.842911802697013,54.51379657025432,139.65222331945645,154.07807703285062,23.98547835265689,45.371459422585,3,1,31
LCA,Saint Lucia,2017,1,2017-01,2017-01-01,140.3869291047555,4.528610616282435,103.11800941897297,114.69315539795254,120.82616759313599,5.78757298948978,74.55663955627097,1,1,31
LCA,Saint Lucia,2017,2,2017-02,2017-02-01,49.9018598637019,1.7822092808464964,15.356446194810234,24.247262433800515,121.42398090881093,8.565319880331009,13.61072610673885,0,0,28
LCA,Saint Lucia,2017,3,2017-03,2017-03-01,91.0466998761372,2.936990318585071,18.57174161733586,20.64960578782486,30.36328201313837,12.105341011663768,16.639910354081344,0,0,31
LCA,Saint Lucia,2017,4,2017-04,2017-04-01,96.53595471300271,3.2178651571000905,59.33206509329371,62.58080478643858,63.20169226881809,13.654626852936198,48.554641229686034,2,1,30
LCA,Saint Lucia,2017,5,2017-05,2017-05-01,121.40946343066338,3.9164343042149476,74.32016871424028,117.16618683388867,117.1661868338887,22.593101454303635,64.87792353586269,2,1,31
LCA,Saint Lucia,2017,6,2017-06,2017-06-01,252.44630071280284,8.41487669042676,62.83919645548106,62.83919645548106,117.1661868338887,45.55721727663726,58.05035150547635,4,1,30
LCA,Saint Lucia,2017,7,2017-07,2017-07-01,166.19089034012043,5.36099646258453,44.40949109876487,70.3641849778574,95.68877531662804,31.621500628388336,41.464437731796636,5,0,31
LCA,Saint Lucia,2017,8,2017-08,2017-08-01,245.49324314055613,7.919136875501811,85.86997444427922,94.14207025781045,110.31715940666406,51.886082729286315,80.77531131652695,4,2,31
LCA,Saint Lucia,2017,9,2017-09,2017-09-01,280.93556752779557,9.364518917593186,76.59669199415336,139.24083199864384,140.47576618135486,52.31232545745961,72.42863214182103,6,2,30
LCA,Saint Lucia,2017,10,2017-10,2017-10-01,297.8567798608827,9.608283221318796,65.00500043307035,112.80182569837561,138.43960112445734,62.633403996498956,64.82495161543122,5,3,31
LCA,Saint Lucia,2017,11,2017-11,2017-11-01,123.77169939346363,4.125723313115454,53.56845401765023,57.01921883448047,58.31198151450806,28.290262216080336,51.95058334854428,2,1,30
LCA,Saint Lucia,2017,12,2017-12,2017-12-01,205.50652942776563,6.629242884766633,158.6453683028601,206.63495794428286,210.54406394983997,11.483626606696546,116.68518873393154,1,1,31
LCA,Saint Lucia,2018,1,2018-01,2018-01-01,134.7011490343516,4.345198355946826,103.83224789299062,111.60872314186238,115.4179697103257,3.888237624435881,73.93724709047868,1,1,31
LCA,Saint Lucia,2018,2,2018-02,2018-02-01,89.21208336164962,3.186145834344629,21.8072038370519,23.110753474191963,28.20624502246021,11.741053856035085,19.10535838397722,1,0,28
LCA,Saint Lucia,2018,3,2018-03,2018-03-01,59.49558901807887,1.919212548970286,37.72440208003546,41.11749576617856,48.089673226240656,4.464377326124311,27.963441264078178,1,0,31
LCA,Saint Lucia,2018,4,2018-04,2018-04-01,103.35018441365163,3.4450061471217213,28.051506008085234,50.571286205993054,68.3172788244403,21.581486300211292,26.44730552313379,3,0,30
LCA,Saint Lucia,2018,5,2018-05,2018-05-01,66.38535025781869,2.141462911542538,10.575726723976972,17.948085833767895,24.808062536472,9.508815716378072,10.425976712046925,0,0,31
LCA,Saint Lucia,2018,6,2018-06,2018-06-01,98.06173647882702,3.268724549294234,80.72642330798998,80.72642330798998,96.86065645280095,9.414314241357722,61.99468816066812,1,1,30
LCA,Saint Lucia,2018,7,2018-07,2018-07-01,106.56544597589925,3.437595031480621,32.744891635605214,34.908326513813634,38.39881061590914,13.375781399402026,27.355615604350795,1,0,31
LCA,Saint Lucia,2018,8,2018-08,2018-08-01,144.84126619843195,4.6722989096268375,42.68114986666674,57.86576985115775,57.86576985115776,27.23633903758685,38.09101684699939,4,0,31
LCA,Saint Lucia,2018,9,2018-09,2018-09-01,162.49045596731224,5.416348532243742,47.47039997863304,59.30016303356365,66.7327625814769,37.63590240012567,45.4994380703272,3,0,30
LCA,Saint Lucia,2018,10,2018-10,2018-10-01,237.92933382139302,7.675139800690097,114.59210715785426,127.07374202009053,127.07374202009055,30.467267314891767,90.29157664082098,5,1,31
LCA,Saint Lucia,2018,11,2018-11,2018-11-01,191.25230076711836,6.375076692237278,90.03946645426751,168.7367738311841,191.25230076711836,52.48843004799819,86.26141836213014,3,2,30
LCA,Saint Lucia,2018,12,2018-12,2018-12-01,130.1011482829523,4.196811234933945,16.722993476546407,28.92643699547127,40.99095497358005,15.811152066487898,16.55972363929029,0,0,31
LCA,Saint Lucia,2019,1,2019-01,2019-01-01,75.17140026062546,2.424883879375015,12.702862703560768,20.896609623365233,24.758029080858222,11.00251687149273,12.61611583722298,0,0,31
LCA,Saint Lucia,2019,2,2019-02,2019-02-01,40.99135018310849,1.4639767922538744,11.529547759656888,20.774713094268144,20.774713094268144,8.252608240121068,10.912764504894568,0,0,28
LCA,Saint Lucia,2019,3,2019-03,2019-03-01,49.63312456550867,1.6010685343712476,13.39468538092531,13.6640322340816,20.237810300331052,7.875386878227891,11.757046299923493,0,0,31
LCA,Saint Lucia,2019,4,2019-04,2019-04-01,58.83345105912415,1.9611150353041384,10.451406293087926,22.0662356185317,23.741206169858135,9.465283236560387,10.437777190195543,0,0,30
LCA,Saint Lucia,2019,5,2019-05,2019-05-01,59.55544359447168,1.921143341757151,29.705222916451863,34.17850925181894,34.17850925181894,13.269341923680944,27.41327529511474,2,0,31
LCA,Saint Lucia,2019,6,2019-06,2019-06-01,143.14532473145596,4.771510824381865,32.41729549797412,54.48269300996894,55.77559641864836,22.71915283248328,31.162632618694886,2,0,30
LCA,Saint Lucia,2019,7,2019-07,2019-07-01,233.2115154426054,7.5229521110517865,82.72648160736522,116.94815405027956,119.7069242947795,28.545684014007136,67.83060562076153,4,1,31
LCA,Saint Lucia,2019,8,2019-08,2019-08-01,189.6469891819024,6.1176448123194325,81.61018887298677,81.61018887298678,115.80004325938495,39.72860178975112,69.69238157127391,3,1,31
LCA,Saint Lucia,2019,9,2019-09,2019-09-01,217.40105485324423,7.246701828441474,60.16196796424366,100.82408546348657,100.82408546348655,41.440764649879654,54.9594071020326,5,1,30
LCA,Saint Lucia,2019,10,2019-10,2019-10-01,262.2101393569821,8.458391592160712,107.57204883680217,127.1629390043556,127.16293900435558,41.16795324912588,92.08962456947334,4,2,31
LCA,Saint Lucia,2019,11,2019-11,2019-11-01,146.78580275806328,4.892860091935443,31.00993772390228,131.4591769645686,145.8190394204862,16.290967298909536,27.1337451338823,1,0,30
LCA,Saint Lucia,2019,12,2019-12,2019-12-01,125.83075580675454,4.059056638927566,29.789822158894577,51.09115974214356,57.04997581686567,14.127184879366773,25.275862194131566,1,0,31
LCA,Saint Lucia,2020,1,2020-01,2020-01-01,111.38700562412828,3.5931292136815576,71.95339098097094,75.97571164427809,75.97571164427809,6.489127108283465,52.39052695967098,1,1,31
LCA,Saint Lucia,2020,2,2020-02,2020-02-01,58.727468508125696,2.0250851209698517,11.156727386228273,15.73755318997717,26.828992583678534,9.316403780216644,10.737387014325748,0,0,29
LCA,Saint Lucia,2020,3,2020-03,2020-03-01,44.92593834225828,1.4492238174922025,13.420092111976707,17.699518858760005,18.1242135211391,7.079249714732024,11.6062671692586,0,0,31
LCA,Saint Lucia,2020,4,2020-04,2020-04-01,42.66693530522907,1.422231176840969,12.829021795814274,14.617970169127535,15.498983496389314,7.3558275029926,11.364054162995256,0,0,30
LCA,Saint Lucia,2020,5,2020-05,2020-05-01,80.59826033076112,2.5999438816374556,55.30733983378596,55.30733983378596,55.32679397800616,12.24880386160375,43.97166614849117,1,1,31
LCA,Saint Lucia,2020,6,2020-06,2020-06-01,143.20043069840858,4.773347689946953,62.25302674303229,80.58973336005926,90.20148489104393,17.52215564476651,49.45295845810771,1,1,30
LCA,Saint Lucia,2020,7,2020-07,2020-07-01,190.8612071876272,6.156813135084748,101.19943881602617,114.05483664133246,114.05483664133246,32.04114451658939,86.20767453358003,2,2,31
LCA,Saint Lucia,2020,8,2020-08,2020-08-01,215.5628371457577,6.953639907927668,55.171110704729756,64.87844498581896,114.05483664133246,33.51082941022425,50.56427423573776,5,1,31
LCA,Saint Lucia,2020,9,2020-09,2020-09-01,179.56389584547267,5.985463194849089,46.90059325931495,99.8175782282864,110.61711919660311,26.461677638746135,40.9816209819697,4,0,30
LCA,Saint Lucia,2020,10,2020-10,2020-10-01,448.0014214607931,14.451658756799777,66.13498418168697,145.65711987417043,184.81906118654237,45.475585110580624,60.840605314420806,11,1,31
LCA,Saint Lucia,2020,11,2020-11,2020-11-01,331.6889862831709,11.056299542772363,180.96384301174007,258.7781411858979,355.94820643593516,56.60907963117286,149.72573062040073,4,2,30
LCA,Saint Lucia,2020,12,2020-12,2020-12-01,102.86620917140388,3.3182648119807703,14.325195328424106,18.581056354840715,28.443031033520484,12.860239043877218,13.963816710838028,0,0,31
LCA,Saint Lucia,2021,1,2021-01,2021-01-01,105.36380826426634,3.398832524653753,55.8466396542853,69.51244671450861,71.62626596379353,12.704965568517384,43.19238987606667,1,1,31
LCA,Saint Lucia,2021,2,2021-02,2021-02-01,82.59715404050797,2.9498983585895706,19.67742527000584,22.308779563978717,31.90193807140323,11.010059206860287,17.414400848062723,0,0,28
LCA,Saint Lucia,2021,3,2021-03,2021-03-01,74.83823131683137,2.4141364940913346,11.346489918182128,21.167084881872427,28.740019046845944,10.586657578770115,11.186112314626843,0,0,31
LCA,Saint Lucia,2021,4,2021-04,2021-04-01,102.99885305197083,3.433295101732361,58.32934310184385,58.32934310184385,58.32934310184385,23.479187192278083,51.20976597500005,2,1,30
LCA,Saint Lucia,2021,5,2021-05,2021-05-01,56.56354481733663,1.824630477978601,38.8670486709061,58.32934310184385,58.32934310184385,8.848248073215263,31.666055707054547,1,0,31
LCA,Saint Lucia,2021,6,2021-06,2021-06-01,178.8564890991063,5.96188296997021,68.05186071012689,80.7378662377747,97.20820901709548,29.28403255805802,59.021021488331016,2,1,30
LCA,Saint Lucia,2021,7,2021-07,2021-07-01,198.80600533012338,6.413096946133012,84.0543220490963,127.37915764075242,127.37915764075241,51.67748026490689,82.55944515901443,3,2,31
LCA,Saint Lucia,2021,8,2021-08,2021-08-01,234.16048432077716,7.5535640103476505,57.75810189492468,114.9238055469074,168.19684497152622,45.625422872106924,56.01278565673903,4,2,31
LCA,Saint Lucia,2021,9,2021-09,2021-09-01,112.72568195337848,3.7575227317792828,57.5220461500875,76.49600586558333,76.4960058655833,22.8406127045092,48.38188175099028,2,1,30
LCA,Saint Lucia,2021,10,2021-10,2021-10-01,247.18660916393145,7.973761585933272,53.09583217301708,133.40907196999848,192.5436453067833,45.720771779340744,51.734314460436266,5,1,31
LCA,Saint Lucia,2021,11,2021-11,2021-11-01,103.67757365488762,3.4559191218295875,22.539766436460766,28.976648938511104,36.827185619265215,12.009644185259546,19.96973121624756,1,0,30
LCA,Saint Lucia,2021,12,2021-12,2021-12-01,149.95673203020326,4.83731393645817,73.5238919716698,87.54405063896449,129.6827973438253,31.277203496187067,63.822401898431835,3,1,31
LCA,Saint Lucia,2022,1,2022-01,2022-01-01,95.63019920473333,3.084845135636559,17.18487281638568,30.819708829964032,30.819708829964032,12.610372479427816,16.053950300177583,0,0,31
LCA,Saint Lucia,2022,2,2022-02,2022-02-01,65.2340827998859,2.329788671424496,13.822194199999323,17.401759477804973,27.349605390121706,12.201667904865731,13.758586712307283,0,0,28
LCA,Saint Lucia,2022,3,2022-03,2022-03-01,92.13442432596301,2.972078204063323,91.72975690695044,91.84063558265608,92.13442432596301,0.20233370950628285,64.29896645785732,1,1,31
LCA,Saint Lucia,2022,4,2022-04,2022-04-01,79.73476747104783,2.657825582368261,40.37329072216221,91.72975690695044,91.84063558265608,20.557819655058715,36.91598625510987,2,0,30
LCA,Saint Lucia,2022,5,2022-05,2022-05-01,69.18492091661551,2.231771642471468,37.21371983222183,61.56988298306537,61.783746376315776,15.84558519234774,33.35645282780833,2,0,31
LCA,Saint Lucia,2022,6,2022-06,2022-06-01,193.97245572827984,6.465748524275995,42.16460210026207,73.31447061698401,100.4297958156264,35.57749234724636,42.0541390309248,4,0,30
LCA,Saint Lucia,2022,7,2022-07,2022-07-01,284.1676556736509,9.166698570117772,88.27821885901497,127.7007318642749,159.23150751664264,60.65741402766713,86.67381214833051,4,2,31
LCA,Saint Lucia,2022,8,2022-08,2022-08-01,235.280758826068,7.589701897615097,45.36379867559682,83.9356943023682,132.97190416057606,34.46642842562761,43.81979859393869,5,0,31
LCA,Saint Lucia,2022,9,2022-09,2022-09-01,329.0528911449984,10.96842970483328,80.16379064737541,103.88645983500092,140.33863386830996,39.9699598540696,68.66776839045508,7,1,30
LCA,Saint Lucia,2022,10,2022-10,2022-10-01,293.2643556860034,9.46014050600011,72.64178027830384,95.58486576683484,129.84664898481918,40.38074333109423,68.54432956081044,5,2,31
LCA,Saint Lucia,2022,11,2022-11,2022-11-01,299.5042398335221,9.983474661117404,76.98780191668637,120.78715647148539,122.33591214960352,48.72976921866245,69.93762242911285,6,2,30
LCA,Saint Lucia,2022,12,2022-12,2022-12-01,118.0754982947071,3.8088870417647454,21.664657978534432,26.88060157679256,28.152096376862914,17.469721069366067,20.983116694453024,1,0,31
LCA,Saint Lucia,2023,1,2023-01,2023-01-01,143.22252414758702,4.62008142411571,46.47849735146486,92.46569578292687,143.22252414758702,39.84537252453407,45.85904757367422,3,0,31
LCA,Saint Lucia,2023,2,2023-02,2023-02-01,78.48812079388544,2.8031471712101945,13.091396748474251,19.7199284781327,24.4067819239474,11.690630143108871,12.985251644728907,0,0,28
LCA,Saint Lucia,2023,3,2023-03,2023-03-01,65.20361451596652,2.1033424037408555,14.04083368888396,21.441717890925375,29.199194027427584,9.024036502625744,12.767313122399898,0,0,31
LCA,Saint Lucia,2023,4,2023-04,2023-04-01,75.70994587401366,2.523664862467122,14.900847368115818,28.743902672528492,36.778139646451784,11.348052406356024,14.435197725992333,0,0,30
LCA,Saint Lucia,2023,5,2023-05,2023-05-01,71.68703493264181,2.312484997827155,36.06416935923846,63.58903644675513,63.58903644675513,17.681400394363575,33.502378677721914,2,0,31
LCA,Saint Lucia,2023,6,2023-06,2023-06-01,214.55108113922236,7.151702704640745,93.72845182068691,125.6145065215446,125.6145065215446,42.58635498197445,81.43613316779806,3,2,30
LCA,Saint Lucia,2023,7,2023-07,2023-07-01,292.97237704135375,9.45072184004367,69.28539405718654,97.70847891799583,110.99083479328505,41.58259555685278,62.428596940622356,5,1,31
LCA,Saint Lucia,2023,8,2023-08,2023-08-01,182.85344151793382,5.898498113481736,45.51199112822631,76.82936583202275,97.70847891799585,28.749539848848105,42.388488757476146,3,0,31
LCA,Saint Lucia,2023,9,2023-09,2023-09-01,137.090686546423,4.569689551547433,35.89760820262969,50.836757262034965,71.85904909999772,28.054504059294402,35.29166017357844,3,0,30
LCA,Saint Lucia,2023,10,2023-10,2023-10-01,366.08564333511254,11.809214301132663,120.88562176792479,161.8486637272921,178.17965519066686,51.85033279870187,103.44122232895825,7,2,31
LCA,Saint Lucia,2023,11,2023-11,2023-11-01,243.86214736515194,8.128738245505065,87.20376607172352,141.8184912407034,152.32229891748761,53.239927167130766,77.7529442099279,4,3,30
LCA,Saint Lucia,2023,12,2023-12,2023-12-01,162.4202697655681,5.239363540824777,31.105233141187632,43.98290870915105,62.056346577508805,16.14953367483236,26.95651096828196,1,0,31
LCA,Saint Lucia,2024,1,2024-01,2024-01-01,125.2004684634458,4.038724789143413,19.603615000454848,25.96626577323513,42.82119186699697,17.176756702249563,19.47276073747609,0,0,31
LCA,Saint Lucia,2024,2,2024-02,2024-02-01,60.01141052058952,2.069358983468604,14.38800823495349,22.789129214290384,34.25223633516407,7.459334020353106,12.502997943666962,0,0,29
LCA,Saint Lucia,2024,3,2024-03,2024-03-01,49.115386515038665,1.5843673069367312,11.221334692275212,13.248297579429774,21.718269109043412,9.234284936061215,11.004014609623107,0,0,31
LCA,Saint Lucia,2024,4,2024-04,2024-04-01,43.03113516277021,1.4343711720923404,11.282211929389945,12.657876535217838,19.737686604465043,7.781234269627936,10.473853816643741,0,0,30
LCA,Saint Lucia,2024,5,2024-05,2024-05-01,152.47365982960085,4.918505155793576,134.93583328585996,134.93583328585996,134.93583328585996,5.4981906905656555,96.74158336107213,1,1,31
LCA,Saint Lucia,2024,6,2024-06,2024-06-01,134.60100240215536,4.486700080071845,36.25013175956078,46.17394396048006,61.55938152815998,15.040161651069505,30.19937044391535,1,0,30
LCA,Saint Lucia,2024,7,2024-07,2024-07-01,332.276028701889,10.718581571028677,104.17265626356075,152.31729244557243,173.23361373414144,63.082068065055374,96.32670936892224,6,2,31
LCA,Saint Lucia,2024,8,2024-08,2024-08-01,231.5173620924648,7.468302002982735,54.759651452867104,85.38956701275903,85.38956701275903,43.073181748665405,54.05486077053802,4,2,31
LCA,Saint Lucia,2024,9,2024-09,2024-09-01,269.4416010463421,8.981386701544738,80.79152381560758,97.07042414290814,110.35882795523356,40.66164715811681,72.86132720365659,4,2,30
LCA,Saint Lucia,2024,10,2024-10,2024-10-01,125.74812105419028,4.056391001748073,35.09493253409161,39.31705134253595,39.31705134253593,19.658525671267967,31.993772678187362,2,0,31
LCA,Saint Lucia,2024,11,2024-11,2024-11-01,400.08446711579296,13.336148903859765,86.12150875478982,108.22686888418902,125.10319839527193,56.23760810497774,78.14435697736116,7,3,30
LCA,Saint Lucia,2024,12,2024-12,2024-12-01,135.01783124022433,4.3554139109749785,27.882301248577757,32.08971832518011,85.42214741608078,16.208798996000255,24.816215941764536,1,0,31
