iso3,country,year,month,year_month,date,monthly_total_mm_pop,monthly_mean_daily_mm_pop,monthly_max_1d_mm_pop,monthly_max_3d_mm_pop,monthly_max_5d_mm_pop,monthly_p95_daily_mm_pop,monthly_p99_daily_mm_pop,monthly_n_days_above_20mm_pop,monthly_n_days_above_50mm_pop,n_days_observed,population_weight_year
BLZ,Belize,2007,1,2007-01,2007-01-01,154.70046102385413,4.990337452382391,55.40578628551684,77.10290321879016,77.10290321879016,10.935784981319781,42.447181206474305,1,1,31,2015
BLZ,Belize,2007,2,2007-02,2007-02-01,35.85647604342443,1.280588430122301,8.18431465810799,12.09998174835771,12.485900481513255,7.691589242546017,8.113456008341425,0,0,28,2015
BLZ,Belize,2007,3,2007-03,2007-03-01,61.97257241185608,1.9991152390921316,13.074067348886086,20.433040684248308,20.433040684248308,7.697053443806227,11.62410500081675,0,0,31,2015
BLZ,Belize,2007,4,2007-04,2007-04-01,18.41633893505806,0.6138779645019353,4.651077326078196,8.109852476724884,11.122366576520578,3.3756648678067704,4.398775460339368,0,0,30,2015
BLZ,Belize,2007,5,2007-05,2007-05-01,77.91953732277902,2.5135334620251295,23.189593111125802,56.33304503313654,71.10879436955202,16.845954127330483,22.076268080492678,1,0,31,2015
BLZ,Belize,2007,6,2007-06,2007-06-01,155.56736741315908,5.185578913771969,19.04418074233828,42.321564205814575,76.01347246047554,16.92222077393151,18.501876988948087,0,0,30,2015
BLZ,Belize,2007,7,2007-07,2007-07-01,147.74214133717516,4.76587552700565,25.68688238017854,49.991657069518254,54.6662634670215,21.522186895197994,24.839196525384008,3,0,31,2015
BLZ,Belize,2007,8,2007-08,2007-08-01,385.526100056263,12.436325808266547,56.91596766175601,95.80542981726437,103.2589711253725,45.524353645623634,54.20468643475806,7,1,31,2015
BLZ,Belize,2007,9,2007-09,2007-09-01,237.8791767163595,7.929305890545317,30.527701677178467,51.416767641554316,103.5112489309142,15.012693296803844,26.368320683327866,1,0,30,2015
BLZ,Belize,2007,10,2007-10,2007-10-01,258.9878033265176,8.354445268597342,34.60299337113504,84.84211934241105,129.91233901850168,29.83488643542011,34.07689992410322,5,0,31,2015
BLZ,Belize,2007,11,2007-11,2007-11-01,208.34568099997873,6.944856033332624,37.134928948502655,64.2504410761255,93.54076079483985,32.986152559932044,36.94147820567566,5,0,30,2015
BLZ,Belize,2007,12,2007-12,2007-12-01,66.44266175238893,2.1433116694319008,15.492839232536266,24.97957989558673,39.21145186658866,8.336059530407868,13.376961691711053,0,0,31,2015
BLZ,Belize,2008,1,2008-01,2008-01-01,97.93283682009135,3.1591237683900437,22.966020690904884,28.544799932243222,40.9127311716679,12.751055772708966,20.1283568532777,1,0,31,2015
BLZ,Belize,2008,2,2008-02,2008-02-01,75.60381467143446,2.60702809211843,26.844959614810726,33.52886063892131,43.18214364096107,7.324075399610033,21.54090120153075,1,0,29,2015
BLZ,Belize,2008,3,2008-03,2008-03-01,79.82454378021609,2.574985283232777,36.63170091267893,36.98749900594527,38.14825309412669,14.659052565457337,32.510962974625876,2,0,31,2015
BLZ,Belize,2008,4,2008-04,2008-04-01,25.933315000885028,0.8644438333628343,4.839197980629394,9.568188803427471,10.706099218960142,4.688858234702279,4.8053804375205855,0,0,30,2015
BLZ,Belize,2008,5,2008-05,2008-05-01,171.10002547995805,5.519355660643808,71.89046098251931,132.56745147311068,132.66207521140174,36.61348042857584,67.44527247959496,2,2,31,2015
BLZ,Belize,2008,6,2008-06,2008-06-01,354.33107458997245,11.811035819665749,47.5502880739111,166.27165814880638,224.1553391542445,36.75245802785758,44.58003357859639,5,0,30,2015
BLZ,Belize,2008,7,2008-07,2008-07-01,201.20299420829602,6.490419168009549,43.71420617693819,68.1104287101761,95.18457378404612,15.220730541259073,35.83649360525881,1,0,31,2015
BLZ,Belize,2008,8,2008-08,2008-08-01,137.47869674592056,4.4347966692232434,23.994574176440935,36.65004208498398,51.314428468666094,20.67238806851655,23.17367494084041,3,0,31,2015
BLZ,Belize,2008,9,2008-09,2008-09-01,312.59821441574445,10.419940480524815,41.263580623685655,74.38855469897763,108.13268210192896,35.53074473083735,40.08888580774043,4,0,30,2015
BLZ,Belize,2008,10,2008-10,2008-10-01,487.3034158066679,15.719465026021545,74.84966683933833,170.99835222556015,221.61848729687193,54.0100775078993,72.88451272224286,8,2,31,2015
BLZ,Belize,2008,11,2008-11,2008-11-01,23.554757727607484,0.7851585909202494,9.105078218194343,12.888288378546097,13.343211040920638,3.6902936993533078,7.609495706720706,0,0,30,2015
BLZ,Belize,2008,12,2008-12,2008-12-01,96.82516367705765,3.123392376679279,57.83737101331177,57.85584457911832,59.18674952351796,13.800246792244462,47.89391302011206,2,1,31,2015
BLZ,Belize,2009,1,2009-01,2009-01-01,185.52003673344805,5.984517313982195,52.421386769856014,112.99548456710835,134.43925993610577,40.17874336988864,52.22176266819669,3,2,31,2015
BLZ,Belize,2009,2,2009-02,2009-02-01,60.122544445834116,2.1472337302083613,11.585371479505456,13.931031563896003,21.26582573353518,7.454274045721712,10.514227051343115,0,0,28,2015
BLZ,Belize,2009,3,2009-03,2009-03-01,42.05700348397722,1.3566775317412005,11.800107103425072,11.818081464493892,15.046232702152356,8.059791689915624,11.107207084405834,0,0,31,2015
BLZ,Belize,2009,4,2009-04,2009-04-01,40.89875367667586,1.3632917892225287,15.61142232604085,27.76547463564532,34.92890085137994,8.398884616051417,14.260886959219505,0,0,30,2015
BLZ,Belize,2009,5,2009-05,2009-05-01,88.6841122161334,2.860777813423658,17.21786112014063,28.269361541446305,32.0879763307468,13.33436120213004,16.197731975067075,0,0,31,2015
BLZ,Belize,2009,6,2009-06,2009-06-01,193.40955759804183,6.446985253268061,43.09024638683799,92.57906895957534,125.70004413586574,24.77538545181164,37.85977928748652,5,0,30,2015
BLZ,Belize,2009,7,2009-07,2009-07-01,222.40776266468066,7.174443956925183,41.41857582100476,70.42060116004772,90.3324200789391,27.626904598898857,38.70456091135965,6,0,31,2015
BLZ,Belize,2009,8,2009-08,2009-08-01,237.90755154436275,7.674437146592346,24.437869802953585,52.5487136230863,70.72864664781068,19.196453323031882,23.153549108985978,2,0,31,2015
BLZ,Belize,2009,9,2009-09,2009-09-01,230.3551701637828,7.678505672126093,55.85583955801076,88.89691535546692,108.30232013585712,26.425091364525805,48.286539270049715,4,1,30,2015
BLZ,Belize,2009,10,2009-10,2009-10-01,102.454020698059,3.304968409614806,50.62660623377408,50.719754879225185,55.1017957896347,14.186016890112843,40.22960274497799,1,1,31,2015
BLZ,Belize,2009,11,2009-11,2009-11-01,174.0546135073227,5.80182045024409,101.66289562207116,172.1730712995543,190.0346104767483,16.42811729055519,77.94689103034622,1,1,30,2015
BLZ,Belize,2009,12,2009-12,2009-12-01,132.07355985432005,4.2604374146554855,54.104676485016384,61.45579195461691,63.26358155694331,13.922748508589326,42.86828944058938,1,1,31,2015
BLZ,Belize,2010,1,2010-01,2010-01-01,120.57824301862327,3.8896207425362346,56.75673116452588,84.91464111686557,93.23572479305571,23.81055247307652,47.40213541219838,3,1,31,2015
BLZ,Belize,2010,2,2010-02,2010-02-01,41.792086857869556,1.4925745306381983,7.486713648295377,66.15203298659269,96.22716285355419,5.417681961186683,6.942812388031841,0,0,28,2015
BLZ,Belize,2010,3,2010-03,2010-03-01,29.068696717374774,0.9376998941088637,8.859559440617272,9.48341991183241,14.999192802383828,6.222598550239062,8.093360730045559,0,0,31,2015
BLZ,Belize,2010,4,2010-04,2010-04-01,75.9950682021027,2.53316894007009,20.50705015549114,31.983773374262523,37.96142622382393,10.619360421213702,17.65194052154998,1,0,30,2015
BLZ,Belize,2010,5,2010-05,2010-05-01,241.44945561389042,7.788692116577111,43.13764818058078,101.5544122278026,113.34452496633615,36.82745911988675,43.063847786512135,5,0,31,2015
BLZ,Belize,2010,6,2010-06,2010-06-01,194.81948516521035,6.493982838840345,41.68430055654903,101.86909279071207,126.1126510999964,30.444359403562963,39.34334179989971,3,0,30,2015
BLZ,Belize,2010,7,2010-07,2010-07-01,336.098835144597,10.841897907890225,46.68848101659447,77.27674266569042,98.4873837959626,30.383848194716208,41.943906300405,6,0,31,2015
BLZ,Belize,2010,8,2010-08,2010-08-01,241.87838102484497,7.802528420156289,30.36234867604013,62.71871709970202,102.78589836326515,25.609675223352713,29.25757527587079,4,0,31,2015
BLZ,Belize,2010,9,2010-09,2010-09-01,316.5822847438737,10.55274282479579,56.975031015604465,93.26608516702925,133.48765752086697,32.74193529576978,51.68097833005989,4,1,30,2015
BLZ,Belize,2010,10,2010-10,2010-10-01,127.92959819932206,4.126761232236196,56.402874660542594,115.51381752699822,115.71621089897829,30.798317449059972,55.65393494922587,2,2,31,2015
BLZ,Belize,2010,11,2010-11,2010-11-01,188.94195685717412,6.2980652285724705,112.23123029499739,176.12158813265071,179.93142096097333,32.07265980176347,89.3179699564247,3,1,30,2015
BLZ,Belize,2010,12,2010-12,2010-12-01,47.74292719552546,1.5400944256621116,14.222364321523445,16.89412945070886,20.76676245489468,6.084102703958013,11.879830368249898,0,0,31,2015
BLZ,Belize,2011,1,2011-01,2011-01-01,79.4015490547844,2.5613402920898194,29.710105264450753,42.147834923419296,43.751497919066274,10.150771535690039,23.95521972048676,1,0,31,2015
BLZ,Belize,2011,2,2011-02,2011-02-01,75.78066551978763,2.7064523399924156,15.240518166677177,29.673959514346585,38.82783159080022,10.11769384404576,14.018781158220271,0,0,28,2015
BLZ,Belize,2011,3,2011-03,2011-03-01,65.53051770554127,2.1138876679206864,14.804766844585236,21.258050382690236,32.09740403502336,10.800585105937586,14.058172728486912,0,0,31,2015
BLZ,Belize,2011,4,2011-04,2011-04-01,26.025874962599612,0.867529165419987,11.402320645633367,13.617403203860405,13.841400792142476,4.297331131673981,9.501796509144224,0,0,30,2015
BLZ,Belize,2011,5,2011-05,2011-05-01,43.37250150624043,1.3991129518142076,17.72663164278075,22.531563842094606,25.249553275737988,4.630070918889057,13.843055343106567,0,0,31,2015
BLZ,Belize,2011,6,2011-06,2011-06-01,265.98482714290515,8.866160904763506,34.91485582491093,92.50481865541923,106.253359832362,29.30189773027461,34.61014955966989,4,0,30,2015
BLZ,Belize,2011,7,2011-07,2011-07-01,323.7727479711997,10.444282192619346,39.25840959223328,84.77148440710651,107.66439810071076,25.08739198713628,35.31628698500227,6,0,31,2015
BLZ,Belize,2011,8,2011-08,2011-08-01,206.23427616817082,6.652718586070026,50.605344279332655,63.799896051993116,90.48666551051032,21.80418173991152,42.517391518446914,2,1,31,2015
BLZ,Belize,2011,9,2011-09,2011-09-01,241.01321514724057,8.033773838241352,37.64040932656667,84.38031808129381,90.63162869268523,30.674598331161498,36.159920141797365,3,0,30,2015
BLZ,Belize,2011,10,2011-10,2011-10-01,299.083058680587,9.64784060259958,55.2519220403119,139.45730094246073,150.6805318642982,43.3564650924902,51.810059457838875,5,1,31,2015
BLZ,Belize,2011,11,2011-11,2011-11-01,107.01241002935626,3.5670803343118753,21.321546841686246,47.96277824878206,48.9697174157899,20.262799563982487,21.261965583841967,2,0,30,2015
BLZ,Belize,2011,12,2011-12,2011-12-01,108.7329084729843,3.5075131765478806,42.6995653895933,59.72943909692432,59.79462998820619,17.40894379146512,35.49485693172241,1,0,31,2015
BLZ,Belize,2012,1,2012-01,2012-01-01,153.856192978788,4.963102999315741,43.394236778699806,78.02886325419603,78.02886325419603,38.38209011213469,42.110078290903026,3,0,31,2015
BLZ,Belize,2012,2,2012-02,2012-02-01,75.38473888534324,2.599473754667008,53.13905180083077,68.32457554185777,76.44125487602965,8.371479693032647,41.47629557186872,1,1,29,2015
BLZ,Belize,2012,3,2012-03,2012-03-01,65.56748065140737,2.115080021013141,22.539353958561932,31.037048079831774,32.319410629143995,11.352233722767629,21.06013403897525,1,0,31,2015
BLZ,Belize,2012,4,2012-04,2012-04-01,66.75761663161789,2.2252538877205965,34.64876847608875,42.80421813478378,43.36473374001113,10.508189386112686,28.81016839343066,1,0,30,2015
BLZ,Belize,2012,5,2012-05,2012-05-01,221.00853734510451,7.129307656293694,45.19743230970266,64.3304791238788,92.72850539824262,26.22110233028672,40.59482476965143,3,0,31,2015
BLZ,Belize,2012,6,2012-06,2012-06-01,299.7514826729807,9.991716089099357,38.99254557455765,78.32910469926306,100.01737881834948,31.589600280240802,37.11892333886672,5,0,30,2015
BLZ,Belize,2012,7,2012-07,2012-07-01,240.39909241669574,7.754809432796637,29.54980945799752,49.12385058927987,79.88968257686273,19.582340543609103,27.195121447210152,2,0,31,2015
BLZ,Belize,2012,8,2012-08,2012-08-01,315.3182315082671,10.17155585510539,46.4312251942683,94.03774035680263,105.01514404330821,37.59562408616936,44.631778252384954,5,0,31,2015
BLZ,Belize,2012,9,2012-09,2012-09-01,128.2741778475101,4.275805928250336,19.601036571726908,39.512657102112954,57.45154562807258,10.445798308923083,16.98362865248569,0,0,30,2015
BLZ,Belize,2012,10,2012-10,2012-10-01,238.8842987931253,7.705945122358881,61.60298073578449,90.44339423911357,94.47627917713848,33.84646801934597,55.34333020813846,5,1,31,2015
BLZ,Belize,2012,11,2012-11,2012-11-01,80.41340668469238,2.6804468894897457,47.5853272919629,49.20662032804463,49.23935201023956,15.631901276343317,41.79485785875103,2,0,30,2015
BLZ,Belize,2012,12,2012-12,2012-12-01,76.68769445219702,2.473796595232162,34.48989784003672,60.832434082733826,61.68701785048318,14.54832054347892,31.69333297729675,2,0,31,2015
BLZ,Belize,2013,1,2013-01,2013-01-01,160.24056147814855,5.169050370262856,55.94253572074586,116.60304232098983,151.82913732906184,38.95588030569889,55.49728824780902,3,2,31,2015
BLZ,Belize,2013,2,2013-02,2013-02-01,58.32100401889138,2.082893000674692,16.5674929761525,23.000331278544024,23.80496050016459,11.578095913916833,15.366835266214267,0,0,28,2015
BLZ,Belize,2013,3,2013-03,2013-03-01,53.04418238140317,1.7111026574646184,13.05286460177514,21.63361604500121,22.00459746351423,9.390402791634141,12.222242220810282,0,0,31,2015
BLZ,Belize,2013,4,2013-04,2013-04-01,27.479768604865583,0.9159922868288528,13.297718723457052,14.631500699237202,14.631500699237202,4.143215368387797,10.736937248383875,0,0,30,2015
BLZ,Belize,2013,5,2013-05,2013-05-01,161.35373090800775,5.204959061548637,22.39660918141334,64.16749082606326,83.376157001941,20.88544082232496,22.12653072137045,3,0,31,2015
BLZ,Belize,2013,6,2013-06,2013-06-01,309.47665309281706,10.315888436427235,43.27440494467649,112.10072189951649,141.51807557352987,35.302989699931786,42.81169232235156,5,0,30,2015
BLZ,Belize,2013,7,2013-07,2013-07-01,318.2082090960598,10.264780938582575,56.952747039141514,114.3594958202265,135.80461961649127,28.70337439054249,48.760489171657355,5,1,31,2015
BLZ,Belize,2013,8,2013-08,2013-08-01,341.02594208125606,11.000836841330841,70.48884819144936,120.07341324932531,130.70218547418114,31.281987232049538,59.350313502203775,6,1,31,2015
BLZ,Belize,2013,9,2013-09,2013-09-01,359.5037800141606,11.983459333805353,39.4562517466222,75.15411821088213,115.77923906081065,29.893789466487146,37.017191197031096,8,0,30,2015
BLZ,Belize,2013,10,2013-10,2013-10-01,287.5674615061752,9.276369726005653,45.4409176019377,120.6012754968424,163.31111216816092,37.58017894745235,43.3191545317559,5,0,31,2015
BLZ,Belize,2013,11,2013-11,2013-11-01,308.0978853311735,10.269929511039116,44.949514846478294,118.03735414295605,164.7950505678852,36.70973301335727,42.99275099783226,7,0,30,2015
BLZ,Belize,2013,12,2013-12,2013-12-01,226.09637474851723,7.293431443500556,95.32415182587212,113.39554122096683,190.03519657327868,40.05047862166563,85.31878755062438,2,2,31,2015
BLZ,Belize,2014,1,2014-01,2014-01-01,89.22726271305916,2.878298797195457,11.699358299050454,17.271520444711175,23.718585386423605,10.673211255985326,11.611033409678498,0,0,31,2015
BLZ,Belize,2014,2,2014-02,2014-02-01,62.91439807245075,2.2469427883018125,13.579703467174634,14.71411951131255,28.131911686861194,8.545974298741447,12.244874329382538,0,0,28,2015
BLZ,Belize,2014,3,2014-03,2014-03-01,69.37964322948429,2.2380530074027187,43.75004879411059,49.65293497517037,49.81445617368218,7.887434732489608,34.133522615396785,1,0,31,2015
BLZ,Belize,2014,4,2014-04,2014-04-01,27.74780346603997,0.9249267822013323,12.782969700072497,13.994097086275108,14.08592249713793,4.443574053670345,10.588664822730104,0,0,30,2015
BLZ,Belize,2014,5,2014-05,2014-05-01,312.616049376315,10.084388689558548,84.92158403025729,176.60077298113254,224.67130952355905,45.83959447543762,75.15739553195432,6,2,31,2015
BLZ,Belize,2014,6,2014-06,2014-06-01,157.2740327306226,5.24246775768742,33.69898366675136,76.00981175039787,111.46581742907404,21.763573258864795,30.604082069080047,3,0,30,2015
BLZ,Belize,2014,7,2014-07,2014-07-01,175.94355449051383,5.675598531952059,31.405191617742663,51.874919801992874,66.49192256923524,23.440413896804962,29.349128382710244,3,0,31,2015
BLZ,Belize,2014,8,2014-08,2014-08-01,148.75809629682354,4.798648267639469,43.190102698287326,55.52911913067538,65.29209991014496,12.558697997238639,34.67372891621474,1,0,31,2015
BLZ,Belize,2014,9,2014-09,2014-09-01,360.8881744503063,12.029605815010209,44.5024134774232,96.13865088825709,120.43070050558379,42.24182794809062,43.963243672697374,6,0,30,2015
BLZ,Belize,2014,10,2014-10,2014-10-01,394.9429488635418,12.74009512463038,51.514331592347844,119.19387160029618,145.7434168482792,43.36574028919796,50.46222306251235,10,1,31,2015
BLZ,Belize,2014,11,2014-11,2014-11-01,231.98057133020538,7.732685711006846,84.23000039001776,144.80297848987883,147.24046694071944,49.74714549907108,74.89975022398795,4,2,30,2015
BLZ,Belize,2014,12,2014-12,2014-12-01,101.30455036755608,3.267888721534067,29.27339956869158,32.3821819389703,36.040610677668155,11.59798547030837,24.693375022757365,1,0,31,2015
BLZ,Belize,2015,1,2015-01,2015-01-01,133.91110410341358,4.319713035593987,18.34430357966594,34.700545313188556,45.367773258886245,17.135474480785692,18.178299987604856,0,0,31,2015
BLZ,Belize,2015,2,2015-02,2015-02-01,72.58071054570061,2.592168233775022,16.16318376989144,21.67436732863302,28.875547453932565,11.178740424206982,14.99026966077392,0,0,28,2015
BLZ,Belize,2015,3,2015-03,2015-03-01,71.67420763390858,2.312071213997051,44.445276011024,65.94559645817634,66.83193129341528,10.851479376933424,37.17110310322646,2,0,31,2015
BLZ,Belize,2015,4,2015-04,2015-04-01,45.175769189107264,1.505858972970242,28.150529639120883,43.418235540437685,46.633898308383024,8.777288761409363,24.36740941141739,1,0,30,2015
BLZ,Belize,2015,5,2015-05,2015-05-01,55.041223715423264,1.7755233456588149,23.989977300822087,43.38566849105706,44.325802894983006,8.322735161260908,19.881044757113294,1,0,31,2015
BLZ,Belize,2015,6,2015-06,2015-06-01,317.18311352829375,10.572770450943125,44.550451912435065,81.09019383363339,103.01046988777263,32.57982306297853,42.56121991012321,5,0,30,2015
BLZ,Belize,2015,7,2015-07,2015-07-01,82.9970002385388,2.6773225883399614,20.384161434189505,33.94853804130201,36.96583775862704,12.224154419560982,18.345671881622884,1,0,31,2015
BLZ,Belize,2015,8,2015-08,2015-08-01,82.9156843303606,2.6746994945277613,17.53262555325162,30.854753464247914,44.9300608163682,10.68185138468125,16.371605251943315,0,0,31,2015
BLZ,Belize,2015,9,2015-09,2015-09-01,219.37846934548983,7.312615644849661,31.80426932608976,57.92914626071405,90.64106350987595,19.895697435229415,28.80265630429412,2,0,30,2015
BLZ,Belize,2015,10,2015-10,2015-10-01,232.20148125957508,7.490370363212099,53.108202325236945,128.90213404131833,178.4183327241572,37.896965858040694,49.88096825002604,4,1,31,2015
BLZ,Belize,2015,11,2015-11,2015-11-01,238.34573992731345,7.944857997577115,72.80457054501902,125.0715113085316,144.92041752769808,26.51865755579221,60.3869943023771,3,1,30,2015
BLZ,Belize,2015,12,2015-12,2015-12-01,171.75142642286772,5.540368594286056,107.34149794211608,132.61833111409194,136.86133379938772,14.988950391669093,81.8896554397414,2,1,31,2015
BLZ,Belize,2016,1,2016-01,2016-01-01,56.55576213939566,1.824379423851473,13.943047272716951,19.436914903192978,21.969996825569073,6.037317721629639,11.71364098632306,0,0,31,2016
BLZ,Belize,2016,2,2016-02,2016-02-01,78.2603598838894,2.6986330994444616,39.70019981362538,41.06745198536688,42.242248941407325,8.569919976723595,31.15802600143246,1,0,29,2016
BLZ,Belize,2016,3,2016-03,2016-03-01,68.92352842098087,2.223339626483254,21.10136637902729,51.71803377831558,53.648375905924034,15.308333699644145,20.896980902816424,2,0,31,2016
BLZ,Belize,2016,4,2016-04,2016-04-01,34.29359565247759,1.1431198550825863,10.327135611010673,25.151910373599662,25.27265315090932,7.550204157559803,9.881527275562403,0,0,30,2016
BLZ,Belize,2016,5,2016-05,2016-05-01,38.82330728165335,1.2523647510210758,17.99826261064924,21.460852994495596,25.42402267354421,7.7650392863019855,16.673119629666587,0,0,31,2016
BLZ,Belize,2016,6,2016-06,2016-06-01,358.35362510280197,11.945120836760065,43.593342106098206,93.89659021506529,134.5033499862948,37.30543392554176,41.92042203732407,7,0,30,2016
BLZ,Belize,2016,7,2016-07,2016-07-01,174.11237631507018,5.616528268228071,15.943617884397964,34.22246486588833,48.244351364883265,11.827451084098268,15.006360530628818,0,0,31,2016
BLZ,Belize,2016,8,2016-08,2016-08-01,265.68326606154915,8.570427937469328,66.7702281364993,130.77962792136145,146.66406349137395,35.87686800157243,64.2362445850877,2,2,31,2016
BLZ,Belize,2016,9,2016-09,2016-09-01,206.84626614185393,6.894875538061798,23.214721346518868,49.383943311538786,78.49309535128478,19.969416954654434,22.63037056776806,2,0,30,2016
BLZ,Belize,2016,10,2016-10,2016-10-01,128.88122735686503,4.1574589469956456,25.069885822728544,59.50634082478659,64.99303041954504,17.218227501029027,23.25279065787202,1,0,31,2016
BLZ,Belize,2016,11,2016-11,2016-11-01,147.70443807909913,4.923481269303305,63.3707585953158,97.98172423490568,107.20159568494421,24.13608908984044,52.09386297433748,3,1,30,2016
BLZ,Belize,2016,12,2016-12,2016-12-01,204.6706887502322,6.602280282265554,44.43294928877992,92.81557488151668,105.70314468433543,37.27562310933446,42.91979538904274,3,0,31,2016
BLZ,Belize,2017,1,2017-01,2017-01-01,74.27306533055928,2.3959053332438476,14.825162343996718,25.33858203459092,25.431815067048767,9.801456804410495,13.888255587625098,0,0,31,2017
BLZ,Belize,2017,2,2017-02,2017-02-01,27.011857501660266,0.9647091964878667,8.291071103339574,8.291071103339574,12.914071468668904,7.4328845705228455,8.216383918987345,0,0,28,2017
BLZ,Belize,2017,3,2017-03,2017-03-01,46.79903689566251,1.5096463514729843,12.493334172574182,14.135040553679024,14.718402613230122,5.506507014666437,10.735431138168538,0,0,31,2017
BLZ,Belize,2017,4,2017-04,2017-04-01,69.61733828276576,2.3205779427588586,17.20643014395868,23.32288111553766,28.316382633909654,11.335962414518786,15.528919585027836,0,0,30,2017
BLZ,Belize,2017,5,2017-05,2017-05-01,88.91846700175837,2.868337645218012,13.109021646170481,26.009456380291617,37.79604840721748,10.038376566782233,12.23584020345153,0,0,31,2017
BLZ,Belize,2017,6,2017-06,2017-06-01,316.26360300986204,10.542120100328734,33.151080184920275,90.21681641578243,124.21804354710963,31.753819124860378,32.90811125919912,5,0,30,2017
BLZ,Belize,2017,7,2017-07,2017-07-01,199.1651111315892,6.424681004244813,24.71774525459498,56.397302696514046,63.13325062811657,18.44581714649999,23.510313051414848,2,0,31,2017
BLZ,Belize,2017,8,2017-08,2017-08-01,167.81728118817102,5.4134606834893875,27.14108265902943,36.28185080747298,53.113826628565484,15.886526199916378,23.901999711668655,1,0,31,2017
BLZ,Belize,2017,9,2017-09,2017-09-01,157.69840156689835,5.256613385563279,37.967906003448576,50.2038046639842,80.97877095966263,20.840119797906343,33.177736800337875,3,0,30,2017
BLZ,Belize,2017,10,2017-10,2017-10-01,365.68194818186225,11.796191876834266,48.85884750967415,101.80808818615688,139.9153897072171,38.88848955522391,46.52228898323169,6,0,31,2017
BLZ,Belize,2017,11,2017-11,2017-11-01,151.56830320632739,5.052276773544246,128.27046255152473,136.89431521791235,137.38321984346712,7.033195580192529,93.71218893572949,1,1,30,2017
BLZ,Belize,2017,12,2017-12,2017-12-01,113.11093601161184,3.6487398713423174,54.16217879166419,62.909042441202466,66.3020892515861,8.237561308536877,40.42939334055095,1,1,31,2017
BLZ,Belize,2018,1,2018-01,2018-01-01,199.5018088823176,6.435542222010245,114.33483929337115,148.35773872298896,150.6226804272988,22.746002507305732,87.17388588531783,3,1,31,2018
BLZ,Belize,2018,2,2018-02,2018-02-01,67.06507243155406,2.395181158269788,40.329290232155735,42.32648689779644,42.32648689779644,5.0464837897053245,30.86759354656243,1,0,28,2018
BLZ,Belize,2018,3,2018-03,2018-03-01,66.11678780615992,2.13279960665032,57.114497476632586,59.53376484344779,60.17571766393021,1.481905211287363,40.43982324125024,1,1,31,2018
BLZ,Belize,2018,4,2018-04,2018-04-01,80.64051376425846,2.688017125475282,25.379232113009056,51.138360118657964,51.80588420968087,18.68673177995629,25.003749632137925,2,0,30,2018
BLZ,Belize,2018,5,2018-05,2018-05-01,88.99643271236191,2.870852668140707,23.59005419186787,35.82050921849759,50.82780655444906,9.242717302292526,19.53918885703386,1,0,31,2018
BLZ,Belize,2018,6,2018-06,2018-06-01,273.765675465715,9.125522515523834,39.723373246161714,77.8949936404241,118.11954704210268,23.338611386064947,35.10173405525232,4,0,30,2018
BLZ,Belize,2018,7,2018-07,2018-07-01,154.9372355530509,4.997975340420997,43.990790474872064,55.80959897786276,79.21454335418744,13.89572647358559,35.62322405187727,1,0,31,2018
BLZ,Belize,2018,8,2018-08,2018-08-01,262.23285387260967,8.459124318471279,50.538668525959544,75.0185694991863,93.74722948514315,31.295743009642713,46.283458745023054,3,1,31,2018
BLZ,Belize,2018,9,2018-09,2018-09-01,202.09736154730305,6.736578718243435,32.634723001344526,65.61047442603518,88.5943250019702,22.252565328580356,30.832049065486608,2,0,30,2018
BLZ,Belize,2018,10,2018-10,2018-10-01,229.84863001805923,7.414471936066427,51.94096960429617,63.0285072526204,83.28561396805428,19.277158747302053,42.29571732922534,1,1,31,2018
BLZ,Belize,2018,11,2018-11,2018-11-01,141.2871896301288,4.709572987670961,36.62136962971392,81.76383069091236,93.5487673895966,25.9328783394372,34.99447113685173,2,0,30,2018
BLZ,Belize,2018,12,2018-12,2018-12-01,103.62586699009226,3.342769902906202,17.375664599889006,34.26186433063665,41.19405912891864,10.534071178395429,15.406802667413814,0,0,31,2018
BLZ,Belize,2019,1,2019-01,2019-01-01,63.24427391603616,2.040137868259231,10.776377740129533,19.007101010846238,19.784210753457327,9.24262835233079,10.374269065661554,0,0,31,2019
BLZ,Belize,2019,2,2019-02,2019-02-01,47.157209791247936,1.6841860639731405,12.008534774779799,12.292367836122207,18.110093174903795,6.148845214227632,10.452400981993756,0,0,28,2019
BLZ,Belize,2019,3,2019-03,2019-03-01,26.868173042459436,0.8667152594341754,6.779267903402062,9.252590229108117,9.252590229108115,4.754385631874574,6.232556874151718,0,0,31,2019
BLZ,Belize,2019,4,2019-04,2019-04-01,72.09638354632287,2.403212784877429,32.310408727107415,37.000852765435745,37.38695686044067,8.37793876897959,25.68293625968841,1,0,30,2019
BLZ,Belize,2019,5,2019-05,2019-05-01,100.67147982786196,3.2474670912213535,29.043245833553915,55.38378979373283,65.44852573005302,23.31774832377018,27.593168444981718,3,0,31,2019
BLZ,Belize,2019,6,2019-06,2019-06-01,148.9963726141404,4.96654575380468,36.82449745808551,93.79339435637596,116.74885307932692,28.842496843841932,35.44422359011335,3,0,30,2019
BLZ,Belize,2019,7,2019-07,2019-07-01,113.68219844342602,3.66716769172342,24.235163515826,43.541177419660315,43.69998541979236,18.414263005273526,23.205646520046635,2,0,31,2019
BLZ,Belize,2019,8,2019-08,2019-08-01,59.17962955715604,1.909020308295356,18.21756971453763,24.770579123621804,27.089220112686448,7.011554043076247,15.755377044785316,0,0,31,2019
BLZ,Belize,2019,9,2019-09,2019-09-01,140.93173012212043,4.697724337404014,13.921662655771703,30.443600952638043,44.8959406994303,10.74395999888649,13.162590800430232,0,0,30,2019
BLZ,Belize,2019,10,2019-10,2019-10-01,240.16779570706453,7.747348248614985,58.59737997245146,69.15120419925329,70.83696101377372,27.297852232701928,50.556993946239565,4,1,31,2019
BLZ,Belize,2019,11,2019-11,2019-11-01,105.24619552746474,3.508206517582158,16.832127512648096,37.397944157480644,56.86946278421796,11.462139406142352,15.391780636025764,0,0,30,2019
BLZ,Belize,2019,12,2019-12,2019-12-01,99.44226333244208,3.207814946207809,61.11365520444703,80.58063173097742,80.6345643396659,17.98118272622677,48.51709233454227,1,1,31,2019
BLZ,Belize,2020,1,2020-01,2020-01-01,124.75729811073046,4.024428971313886,83.95434004374607,109.53870091599964,109.86041005081732,13.269764475352005,63.30157408599273,1,1,31,2020
BLZ,Belize,2020,2,2020-02,2020-02-01,44.3363273382956,1.528838873734331,25.857416262782902,25.865568016311833,25.876989535371727,5.517747068465049,20.231148884729443,1,0,29,2020
BLZ,Belize,2020,3,2020-03,2020-03-01,33.516600294652896,1.0811806546662224,10.830023089032776,14.634837206108143,31.557923139201854,5.882383162479156,9.544950547130735,0,0,31,2020
BLZ,Belize,2020,4,2020-04,2020-04-01,13.629992287342477,0.4543330762447492,8.488559485029363,10.305644228573513,12.53201972504314,1.5471621478972137,6.505461290607529,0,0,30,2020
BLZ,Belize,2020,5,2020-05,2020-05-01,218.95699154667096,7.063128759570031,47.59060890258723,57.51685426591458,77.35431379117544,25.994350489487864,42.30780806176307,3,0,31,2020
BLZ,Belize,2020,6,2020-06,2020-06-01,291.44347599794224,9.714782533264742,38.136447559730684,84.03166570059818,143.71658910350067,32.849794669058724,37.36614154166786,6,0,30,2020
BLZ,Belize,2020,7,2020-07,2020-07-01,124.1126628465041,4.0036342853711,23.19543260880476,38.27653450891624,45.07372405395682,14.112670294652531,21.97186729279483,1,0,31,2020
BLZ,Belize,2020,8,2020-08,2020-08-01,158.6723972020041,5.1184644258711005,24.698278687766596,51.61519272539479,72.25508239239187,15.878901141603386,22.351328070009682,1,0,31,2020
BLZ,Belize,2020,9,2020-09,2020-09-01,188.13077414145258,6.2710258047150855,42.42104468169734,75.7201871992855,92.95793132429836,17.073293768319882,35.27778134590916,1,0,30,2020
BLZ,Belize,2020,10,2020-10,2020-10-01,271.6565503547088,8.763114527571252,34.13300838617443,81.09163487090086,119.80413176747263,29.182895012174697,33.42550986317749,4,0,31,2020
BLZ,Belize,2020,11,2020-11,2020-11-01,611.201367823506,20.373378927450197,140.55391370688577,249.61462024904804,312.8224056065968,96.6183971733912,128.2351659474141,8,5,30,2020
BLZ,Belize,2020,12,2020-12,2020-12-01,146.98963934768486,4.741601269280157,38.80514973767512,56.42040195312025,68.48054393630945,16.49881722843424,33.34713801806769,2,0,31,2020
BLZ,Belize,2021,1,2021-01,2021-01-01,117.42625043833935,3.787943562527076,41.755120058606835,51.60935553110903,56.8045297863502,13.135368299132814,34.23870227471863,1,0,31,2021
BLZ,Belize,2021,2,2021-02,2021-02-01,52.48258974048268,1.8743782050172386,14.403568768245647,19.00665574464959,32.707947944909996,8.52562485687074,13.29692638062599,0,0,28,2021
BLZ,Belize,2021,3,2021-03,2021-03-01,43.03474027014978,1.3882174280693478,13.629891151828692,23.036601191112027,27.012765439217844,6.039676770137415,11.454437532663546,0,0,31,2021
BLZ,Belize,2021,4,2021-04,2021-04-01,38.41491746868035,1.2804972489560116,10.321606647888025,18.417314200285844,27.29306829144309,7.492166627456141,9.539718205897998,0,0,30,2021
BLZ,Belize,2021,5,2021-05,2021-05-01,108.22182814804881,3.4910267144531875,35.095199011135826,48.183560757117974,50.70212679114187,17.1581278141194,32.25753978621524,2,0,31,2021
BLZ,Belize,2021,6,2021-06,2021-06-01,169.37295875749413,5.645765291916471,25.626176995285032,62.987046316174784,78.20801414359353,22.641320548735283,25.6020473328437,2,0,30,2021
BLZ,Belize,2021,7,2021-07,2021-07-01,195.41883000466947,6.30383322595708,38.31969502202173,53.067295847304095,72.12884697936695,19.242103717240973,32.77609794687569,1,0,31,2021
BLZ,Belize,2021,8,2021-08,2021-08-01,187.33537675673634,6.04307666957214,45.597536262754566,73.84895786142044,105.47607664345189,20.473227952160435,39.57138066064094,2,0,31,2021
BLZ,Belize,2021,9,2021-09,2021-09-01,235.1382605191765,7.837942017305883,48.42243326809447,101.78366931275846,110.02575557958461,34.04974939059036,45.182655840685634,4,0,30,2021
BLZ,Belize,2021,10,2021-10,2021-10-01,163.7708801987356,5.282931619314051,41.920428318060914,81.83937934279075,95.8463758795066,21.56669586765412,37.27120478234774,2,0,31,2021
BLZ,Belize,2021,11,2021-11,2021-11-01,102.0891521805968,3.4029717393532266,37.23120459931696,53.29431557899274,59.41688104343136,20.760608077642317,33.82668082448757,2,0,30,2021
BLZ,Belize,2021,12,2021-12,2021-12-01,106.11919764887817,3.4231999241573603,40.46413242582453,84.01335450369595,93.11998705911992,21.77461103893571,38.639568247470656,2,0,31,2021
BLZ,Belize,2022,1,2022-01,2022-01-01,132.47486029182886,4.273382590058995,36.335706824146946,80.74013887389688,98.20528022931458,26.164049373592945,35.11148451683135,3,0,31,2022
BLZ,Belize,2022,2,2022-02,2022-02-01,138.8362245987026,4.9584365928108065,22.16375972588843,32.73154841535152,50.87492064561708,14.607849600432012,20.254903801606194,1,0,28,2022
BLZ,Belize,2022,3,2022-03,2022-03-01,88.36316849928772,2.850424790299604,19.35230638123499,36.45340488262344,41.02663694017152,13.759570667549497,18.634501917655715,0,0,31,2022
BLZ,Belize,2022,4,2022-04,2022-04-01,90.42616567589918,3.0142055225299726,25.147353553058053,29.469253806629336,31.98496594208629,15.23673662593878,23.424604568935088,1,0,30,2022
BLZ,Belize,2022,5,2022-05,2022-05-01,112.31965766327939,3.623214763331593,25.565477607950353,49.38402051650929,76.33653090287082,14.817948817721646,22.592291024266423,1,0,31,2022
BLZ,Belize,2022,6,2022-06,2022-06-01,237.17869190229814,7.905956396743272,31.88067194542706,87.1244001741419,127.10415267964484,27.992191062647517,31.719565824458215,5,0,30,2022
BLZ,Belize,2022,7,2022-07,2022-07-01,179.75407100675875,5.798518419572863,25.72381868542711,50.7840256755979,60.12240999002906,15.214218117070512,23.162396734661552,1,0,31,2022
BLZ,Belize,2022,8,2022-08,2022-08-01,356.7376754777976,11.507666950896697,99.59621462317357,131.46603979052904,135.48521970364624,29.041952053064776,79.07227952463859,7,1,31,2022
BLZ,Belize,2022,9,2022-09,2022-09-01,296.47089135860836,9.882363045286946,43.90813516030904,88.8652431819797,98.89465260696298,32.572020786427075,42.93194588228374,4,0,30,2022
BLZ,Belize,2022,10,2022-10,2022-10-01,129.08028437437238,4.163880141108787,37.413630271897894,81.87849665876507,93.54977133894546,23.16586074848474,36.60239412838385,2,0,31,2022
BLZ,Belize,2022,11,2022-11,2022-11-01,318.5936491047954,10.61978830349318,88.23990266120425,167.4442127724532,176.6171818866343,46.85168420340664,80.14064900964254,5,2,30,2022
BLZ,Belize,2022,12,2022-12,2022-12-01,168.9113911748518,5.448754554027477,51.56978198177913,93.60861945646667,103.47892300901125,22.18824648770601,44.79829223309712,2,1,31,2022
BLZ,Belize,2023,1,2023-01,2023-01-01,65.56690680743003,2.1150615099170977,14.604177307260379,16.311170705267973,20.326641810404897,10.48142108046505,13.9322936611673,0,0,31,2023
BLZ,Belize,2023,2,2023-02,2023-02-01,79.40517975876082,2.835899277098601,13.216366320123392,21.760604824633457,27.88045241553472,9.512286820439318,12.270312379720659,0,0,28,2023
BLZ,Belize,2023,3,2023-03,2023-03-01,49.199141159560966,1.587069069663257,21.506396575242423,30.247070588667043,31.80386934270078,7.6642090203456625,17.594747763748437,1,0,31,2023
BLZ,Belize,2023,4,2023-04,2023-04-01,38.26656263905471,1.2755520879684903,20.45186818988395,28.168495724609414,30.27725847344744,5.1524625646001185,16.39541536732915,1,0,30,2023
BLZ,Belize,2023,5,2023-05,2023-05-01,65.26074221631886,2.1051852327844793,19.24421893617622,24.02328108279513,30.39773102717359,11.691920686074212,17.25381992576814,0,0,31,2023
BLZ,Belize,2023,6,2023-06,2023-06-01,116.26752651702587,3.875584217234196,22.765645781209457,46.024599172691715,63.66309629942465,17.56590661608236,21.741619508321985,1,0,30,2023
BLZ,Belize,2023,7,2023-07,2023-07-01,207.4308408701394,6.6913174474238515,35.440397722980585,54.35160453679042,69.90519762653025,25.791004754943486,32.94129754339931,3,0,31,2023
BLZ,Belize,2023,8,2023-08,2023-08-01,192.03116358798738,6.194553664128625,18.70541008924587,45.99792505264307,66.11630024106127,17.538751120661217,18.39944164462703,0,0,31,2023
BLZ,Belize,2023,9,2023-09,2023-09-01,185.89747651224013,6.196582550408005,21.266241047948927,45.34576490945389,62.62498431433924,20.007355354280037,21.189706705551046,2,0,30,2023
BLZ,Belize,2023,10,2023-10,2023-10-01,111.00569306924018,3.580828808685167,54.16037147813537,65.50733901433766,66.4615146560001,11.433949313530178,42.27836865580186,1,1,31,2023
BLZ,Belize,2023,11,2023-11,2023-11-01,384.6618841015578,12.82206280338526,70.42073622126583,171.5572153561168,238.4594694018143,51.21566480573445,66.54104538274821,8,2,30,2023
BLZ,Belize,2023,12,2023-12,2023-12-01,195.37009863398606,6.302261246257615,91.81095084439143,107.42648133603758,111.45380414856314,20.06096659597425,73.04830607995153,2,1,31,2023
BLZ,Belize,2024,1,2024-01,2024-01-01,97.3750159422281,3.141129546523487,21.2822699689912,26.330338184256796,33.69907555720841,12.23571545979738,19.294489489261462,1,0,31,2024
BLZ,Belize,2024,2,2024-02,2024-02-01,26.982894551579978,0.9304446397096544,6.761337832042674,8.948760906647482,10.591543039214953,4.205888508929378,6.330877714776116,0,0,29,2024
BLZ,Belize,2024,3,2024-03,2024-03-01,23.27810759257721,0.7509066965347487,7.19921692009962,12.433147431029031,12.482497712101031,4.618582925717984,6.609630997348556,0,0,31,2024
BLZ,Belize,2024,4,2024-04,2024-04-01,30.358641741854882,1.0119547247284961,12.970098044748058,16.012661526728834,16.012661526728834,3.6732505498423227,10.275148427591613,0,0,30,2024
BLZ,Belize,2024,5,2024-05,2024-05-01,11.640082826718185,0.3754865427973608,8.061782133789928,16.790783692342465,16.79508381077236,0.8513970075862296,5.920649048520593,0,0,31,2024
BLZ,Belize,2024,6,2024-06,2024-06-01,343.72230355054234,11.457410118351412,39.073053194607944,66.1767383385071,98.15900794022039,24.652510106145698,34.91660967004047,6,0,30,2024
BLZ,Belize,2024,7,2024-07,2024-07-01,296.1964069490155,9.554722804806952,40.69052751231377,94.63801505756322,104.4832238956528,33.16999868551668,38.58750688505066,4,0,31,2024
BLZ,Belize,2024,8,2024-08,2024-08-01,251.36742471792724,8.108626603804105,29.63962955276739,51.10787894683831,73.36393418810485,20.11536276343997,26.799265610755576,3,0,31,2024
BLZ,Belize,2024,9,2024-09,2024-09-01,207.09221408185346,6.903073802728448,87.04427495147401,122.60888065847382,137.67737064099438,18.20400599024726,68.14721406212732,2,1,30,2024
BLZ,Belize,2024,10,2024-10,2024-10-01,453.5682878100792,14.631235090647715,89.52383394348719,194.37692213172716,224.49089203260402,73.50356497684999,88.12637895832698,5,3,31,2024
BLZ,Belize,2024,11,2024-11,2024-11-01,266.6629954730232,8.88876651576744,70.51009304570668,181.28830626904985,218.72199106163922,56.68892716422199,69.89448658223289,3,2,30,2024
BLZ,Belize,2024,12,2024-12,2024-12-01,205.14501935522424,6.617581269523362,57.14394681071168,96.103096072099,96.61677096495175,32.85630243875349,51.60049773294855,4,1,31,2024
