project_id,project_name,country,status,approval_date,closing_date,lending_instrument,approved_amount,currency,url,raw_project_name
P507916,BRB Cat DDO,Barbados,Pipeline,,,Development Policy Lending,0.0,,https://projects.worldbank.org/en/projects-operations/project-detail/P507916,"""BRB Cat DDO"""
P505490,Belize Cat DDO,Belize,Pipeline,,,Development Policy Lending,0.0,,https://projects.worldbank.org/en/projects-operations/project-detail/P505490,"""Belize Cat DDO"""
P180286,Benin Boosting Inclusive Growth and Resilience DPF1 series with Cat DDO,Benin,Active,2023-09-15T00:00:00Z,12/31/2027 12:00:00 AM,Development Policy Lending,,,https://projects.worldbank.org/en/projects-operations/project-detail/P180286,"""Benin Boosting Inclusive Growth and Resilience DPF1 series with Cat DDO"""
P168987,Benin Disaster Risk Management Development Policy Credit with Cat DDO,Benin,Dropped,,,Development Policy Lending,,,https://projects.worldbank.org/en/projects-operations/project-detail/P168987,"""Benin Disaster Risk Management Development Policy Credit with Cat DDO"""
P500536,Bhutan Climate and Disaster Resilience Development Policy Financing with a Catastrophe Deferred Drawdown Option,Bhutan,Active,2024-12-11T00:00:00Z,12/31/2027 12:00:00 AM,Development Policy Lending,0.0,,https://projects.worldbank.org/en/projects-operations/project-detail/P500536,"""Bhutan Climate and Disaster Resilience Development Policy Financing with a Catastrophe Deferred Drawdown Option"""
P160628,Cabo Verde Disaster Risk Management Development Policy Financing with Cat DDO,Cabo Verde,Closed,2019-06-05T00:00:00Z,6/30/2022 12:00:00 AM,Development Policy Lending,,,https://projects.worldbank.org/en/projects-operations/project-detail/P160628,"""Cabo Verde Disaster Risk Management Development Policy Financing with Cat DDO"""
P176148,Cabo Verde: Second Resilient and Equitable Recovery DPF with a Cat DDO,Cabo Verde,Active,2022-11-17T00:00:00Z,2/15/2026 12:00:00 AM,Development Policy Lending,,,https://projects.worldbank.org/en/projects-operations/project-detail/P176148,"""Cabo Verde: Second Resilient and Equitable Recovery DPF with a Cat DDO"""
P181256,Colombia - Fourth Disaster Risk Management Development Policy Loan with a Catastrophe Deferred Drawdown Option (Cat DDO IV),Colombia,Pipeline,,,Development Policy Lending,,,https://projects.worldbank.org/en/projects-operations/project-detail/P181256,"""Colombia - Fourth Disaster Risk Management Development Policy Loan with a Catastrophe Deferred Drawdown Option (Cat DDO IV)"""
P176650,Third Disaster Risk Management Development Policy Loan with a Cat DDO,Colombia,Active,2021-12-17T00:00:00Z,6/15/2025 12:00:00 AM,Development Policy Lending,,,https://projects.worldbank.org/en/projects-operations/project-detail/P176650,"""Third Disaster Risk Management Development Policy Loan with a Cat DDO"""
P111926,Costa Rica Catastrophe Deferred Draw Down Option (CAT DDO),Costa Rica,Closed,2008-09-16T00:00:00Z,10/30/2017 12:00:00 AM,Development Policy Lending,,,https://projects.worldbank.org/en/projects-operations/project-detail/P111926,"""Costa Rica Catastrophe Deferred Draw Down Option (CAT DDO)"""
P179861,Second Costa Rica Disaster Risk Management Development Policy Loan with a CAT DDO,Costa Rica,Active,2023-03-23T00:00:00Z,3/24/2026 12:00:00 AM,Development Policy Lending,,,https://projects.worldbank.org/en/projects-operations/project-detail/P179861,"""Second Costa Rica Disaster Risk Management Development Policy Loan with a CAT DDO"""
P177807,Dominica Disaster Risk Management Development Policy Financing  with a Catastrophe Deferred Drawdown Option,Dominica,Active,2022-06-03T00:00:00Z,5/6/2025 12:00:00 AM,Development Policy Lending,,,https://projects.worldbank.org/en/projects-operations/project-detail/P177807,"""Dominica Disaster Risk Management Development Policy Financing  with a Catastrophe Deferred Drawdown Option"""
P178122,Dominican Republic Second DRM Development Policy Loan with a Catastrophe Deferred Drawdown Option,Dominican Republic,Active,2022-12-02T00:00:00Z,1/15/2026 12:00:00 AM,Development Policy Lending,,,https://projects.worldbank.org/en/projects-operations/project-detail/P178122,"""Dominican Republic Second DRM Development Policy Loan with a Catastrophe Deferred Drawdown Option"""
P122640,Disaster Risk Management Development Policy Loan with a CAT DDO,El Salvador,Closed,2011-02-01T00:00:00Z,8/31/2014 12:00:00 AM,Development Policy Lending,,,https://projects.worldbank.org/en/projects-operations/project-detail/P122640,"""Disaster Risk Management Development Policy Loan with a CAT DDO"""
P500609,Fiji Growth and Resilience First Development Policy Financing with a Catastrophe Deferred Drawdown Option,Fiji,Active,2024-06-21T00:00:00Z,7/15/2027 12:00:00 AM,Development Policy Lending,,,https://projects.worldbank.org/en/projects-operations/project-detail/P500609,"""Fiji Growth and Resilience First Development Policy Financing with a Catastrophe Deferred Drawdown Option"""
P177748,Gambia First Boosting Resilience and Unlocking Productive Potential DPF with Cat DDO,"Gambia, The",Active,2023-11-20T00:00:00Z,12/31/2027 12:00:00 AM,Development Policy Lending,,,https://projects.worldbank.org/en/projects-operations/project-detail/P177748,"""Gambia First Boosting Resilience and Unlocking Productive Potential DPF with Cat DDO"""
P171465,Disaster Risk Management Development Policy Credit with a Catastrophe Deferred Drawdown Option,Grenada,Active,2020-01-21T00:00:00Z,2/16/2026 12:00:00 AM,Development Policy Lending,,,https://projects.worldbank.org/en/projects-operations/project-detail/P171465,"""Disaster Risk Management Development Policy Credit with a Catastrophe Deferred Drawdown Option"""
P159710,Guatemala DRM Development Policy Loan with CAT DDO II,Guatemala,Closed,2019-05-24T00:00:00Z,3/31/2023 12:00:00 AM,Development Policy Lending,,,https://projects.worldbank.org/en/projects-operations/project-detail/P159710,"""Guatemala DRM Development Policy Loan with CAT DDO II"""
P178590,Guatemala Disaster Risk Management Development Policy Loan with a CAT DDO,Guatemala,Dropped,,,Development Policy Lending,,,https://projects.worldbank.org/en/projects-operations/project-detail/P178590,"""Guatemala Disaster Risk Management Development Policy Loan with a CAT DDO"""
P504698,Guyana Cat DDO,Guyana,Pipeline,,,Development Policy Lending,0.0,,https://projects.worldbank.org/en/projects-operations/project-detail/P504698,"""Guyana Cat DDO"""
P172567,Honduras DRM Development Policy Credit with a Catastrophe Deferred Drawdown Option (Cat DDO),Honduras,Closed,2020-04-10T00:00:00Z,6/30/2023 12:00:00 AM,Development Policy Lending,,,https://projects.worldbank.org/en/projects-operations/project-detail/P172567,"""Honduras DRM Development Policy Credit with a Catastrophe Deferred Drawdown Option (Cat DDO)"""
P177001,Honduras Second Disaster Risk Management Development Policy Credit with a Catastrophe Deferred Drawdown Option (Cat DDO),Honduras,Active,2022-06-16T00:00:00Z,6/30/2025 12:00:00 AM,Development Policy Lending,,,https://projects.worldbank.org/en/projects-operations/project-detail/P177001,"""Honduras Second Disaster Risk Management Development Policy Credit with a Catastrophe Deferred Drawdown Option (Cat DDO)"""
P161562,Disaster Risk Management Development Policy Credit with a Catastrophe Deferred Drawdown Option (Cat DDO),Kenya,Closed,2018-06-21T00:00:00Z,9/30/2021 12:00:00 AM,Development Policy Lending,,,https://projects.worldbank.org/en/projects-operations/project-detail/P161562,"""Disaster Risk Management Development Policy Credit with a Catastrophe Deferred Drawdown Option (Cat DDO)"""
P177794,Kiribati First Resilient Growth Development Policy Operation with a Catastrophe Deferred Drawdown Option,Kiribati,Active,2023-11-30T00:00:00Z,12/31/2026 12:00:00 AM,Development Policy Lending,,,https://projects.worldbank.org/en/projects-operations/project-detail/P177794,"""Kiribati First Resilient Growth Development Policy Operation with a Catastrophe Deferred Drawdown Option"""
P164573,Disaster Risk Management Development Policy Operation with a Catastrophe Deferred Drawdown Option,Lao People's Democratic Republic,Dropped,,,Development Policy Lending,,,https://projects.worldbank.org/en/projects-operations/project-detail/P164573,"""Disaster Risk Management Development Policy Operation with a Catastrophe Deferred Drawdown Option"""
P167941,Madagascar Disaster Risk Management Development Policy Financing with a Catastrophe Deferred Drawdown Option (Cat DDO),Madagascar,Closed,2019-12-12T00:00:00Z,12/31/2023 12:00:00 AM,Development Policy Lending,,,https://projects.worldbank.org/en/projects-operations/project-detail/P167941,"""Madagascar Disaster Risk Management Development Policy Financing with a Catastrophe Deferred Drawdown Option (Cat DDO)"""
P165056,MALAWI-Disaster Risk Management Development Policy Financing with Cat DDO,Malawi,Closed,2019-06-06T00:00:00Z,6/21/2022 12:00:00 AM,Development Policy Lending,,,https://projects.worldbank.org/en/projects-operations/project-detail/P165056,"""MALAWI-Disaster Risk Management Development Policy Financing with Cat DDO"""
P175072,Malawi First Growth and Resilience DPO with a Catastrophe Deferred Drawdown Option,Malawi,Active,2023-12-12T00:00:00Z,12/31/2026 12:00:00 AM,Development Policy Lending,,,https://projects.worldbank.org/en/projects-operations/project-detail/P175072,"""Malawi First Growth and Resilience DPO with a Catastrophe Deferred Drawdown Option"""
P163939,Maldives Development Policy Financing with a Catastrophe Deferred Drawdown Option and Pandemic Emergency Financing Facility,Maldives,Closed,2019-07-01T00:00:00Z,9/30/2022 12:00:00 AM,Development Policy Lending,,,https://projects.worldbank.org/en/projects-operations/project-detail/P163939,"""Maldives Development Policy Financing with a Catastrophe Deferred Drawdown Option and Pandemic Emergency Financing Facility"""
P504373,RMI Enhancing Fiscal Management and Building Disaster and Climate Resilience DPO with a Cat DDO,Marshall Islands,Active,2024-07-19T00:00:00Z,9/30/2027 12:00:00 AM,Development Policy Lending,,,https://projects.worldbank.org/en/projects-operations/project-detail/P504373,"""RMI Enhancing Fiscal Management and Building Disaster and Climate Resilience DPO with a Cat DDO"""
P179263,Mauritania Fiscal Management and Resilience Development Policy Financing with a Catastrophe Deferred Drawdown Option,Mauritania,Active,2024-02-29T00:00:00Z,6/30/2027 12:00:00 AM,Development Policy Lending,,,https://projects.worldbank.org/en/projects-operations/project-detail/P179263,"""Mauritania Fiscal Management and Resilience Development Policy Financing with a Catastrophe Deferred Drawdown Option"""
P168580,Morocco Disaster Risk Management Development Policy Loan with a Catastrophe Deferred Drawdown Option,Morocco,Closed,2019-12-11T00:00:00Z,6/15/2023 12:00:00 AM,Development Policy Lending,,,https://projects.worldbank.org/en/projects-operations/project-detail/P168580,"""Morocco Disaster Risk Management Development Policy Loan with a Catastrophe Deferred Drawdown Option"""
P166788,Nepal Development Policy Financing with CAT DDO,Nepal,Closed,2020-03-10T00:00:00Z,11/30/2024 12:00:00 AM,Development Policy Lending,,,https://projects.worldbank.org/en/projects-operations/project-detail/P166788,"""Nepal Development Policy Financing with CAT DDO"""
P181344,Nepal Disaster Resilience Development Policy Credit with Cat DDO (NDRC),Nepal,Active,2024-10-08T00:00:00Z,11/30/2027 12:00:00 AM,Development Policy Lending,,,https://projects.worldbank.org/en/projects-operations/project-detail/P181344,"""Nepal Disaster Resilience Development Policy Credit with Cat DDO (NDRC)"""
P165160,Pakistan DRM DPC with CAT DDO,Pakistan,Dropped,,,Development Policy Lending,,,https://projects.worldbank.org/en/projects-operations/project-detail/P165160,"""Pakistan DRM DPC with CAT DDO"""
P122738,Disaster Risk Management Development Policy Loan with a CAT DDO,Panama,Closed,2011-10-18T00:00:00Z,6/30/2021 12:00:00 AM,Development Policy Lending,,,https://projects.worldbank.org/en/projects-operations/project-detail/P122738,"""Disaster Risk Management Development Policy Loan with a CAT DDO"""
P174191,Second Panama Disaster Risk Management Development Policy Loan with a CAT DDO,Panama,Active,2022-03-14T00:00:00Z,3/14/2025 12:00:00 AM,Development Policy Lending,,,https://projects.worldbank.org/en/projects-operations/project-detail/P174191,"""Second Panama Disaster Risk Management Development Policy Loan with a CAT DDO"""
P149831,PERU SECOND DPL WITH A CAT DDO,Peru,Closed,2015-03-12T00:00:00Z,3/12/2018 12:00:00 AM,Development Policy Lending,,,https://projects.worldbank.org/en/projects-operations/project-detail/P149831,"""PERU SECOND DPL WITH A CAT DDO"""
P169058,Peru - DPL with a Cat DDO III,Peru,Dropped,,,Development Policy Lending,,,https://projects.worldbank.org/en/projects-operations/project-detail/P169058,"""Peru - DPL with a Cat DDO III"""
P125943,Disaster Risk Management Development Loan with a CAT DDO,Philippines,Closed,2011-09-13T00:00:00Z,10/31/2014 12:00:00 AM,Development Policy Lending,,,https://projects.worldbank.org/en/projects-operations/project-detail/P125943,"""Disaster Risk Management Development Loan with a CAT DDO"""
P155656,Second Disaster Risk Management Development Policy Loan with a CAT-DDO,Philippines,Closed,2015-12-22T00:00:00Z,3/30/2020 12:00:00 AM,Development Policy Lending,,,https://projects.worldbank.org/en/projects-operations/project-detail/P155656,"""Second Disaster Risk Management Development Policy Loan with a CAT-DDO"""
P166303,Disaster Risk Management Development Policy Loan with a Catastrophe Deferred Drawdown Option,Romania,Closed,2018-06-26T00:00:00Z,12/31/2021 12:00:00 AM,Development Policy Lending,,,https://projects.worldbank.org/en/projects-operations/project-detail/P166303,"""Disaster Risk Management Development Policy Loan with a Catastrophe Deferred Drawdown Option"""
P502111,Romania Second Disaster Risk Management Development Policy Loan with a Cat DDO,Romania,Active,2024-09-19T00:00:00Z,12/31/2027 12:00:00 AM,Development Policy Lending,,,https://projects.worldbank.org/en/projects-operations/project-detail/P502111,"""Romania Second Disaster Risk Management Development Policy Loan with a Cat DDO"""
P181603,Rwanda Disaster Risk Management Development Policy Financing with a Catastrophe Deferred Drawdown Option,Rwanda,Pipeline,,,Development Policy Lending,,,https://projects.worldbank.org/en/projects-operations/project-detail/P181603,"""Rwanda Disaster Risk Management Development Policy Financing with a Catastrophe Deferred Drawdown Option"""
P171764,"Samoa First Response, Recovery and Resilience Development Policy Operation with a Catastrophe Deferred Drawdown Option",Samoa,Closed,2020-12-03T00:00:00Z,11/30/2023 12:00:00 AM,Development Policy Lending,,,https://projects.worldbank.org/en/projects-operations/project-detail/P171764,"""Samoa First Response, Recovery and Resilience Development Policy Operation with a Catastrophe Deferred Drawdown Option"""
P506151,Samoa Second Recovery and Resilience Development Policy Operation with a Catastrophe Deferred Drawdown Option,Samoa,Pipeline,,,Development Policy Lending,,,https://projects.worldbank.org/en/projects-operations/project-detail/P506151,"""Samoa Second Recovery and Resilience Development Policy Operation with a Catastrophe Deferred Drawdown Option"""
P503960,Sierra Leone First Macro Stability and Resilience DPO with a Catastrophe Deferred Drawdown Option,Sierra Leone,Active,2024-12-13T00:00:00Z,12/31/2027 12:00:00 AM,Development Policy Lending,0.0,,https://projects.worldbank.org/en/projects-operations/project-detail/P503960,"""Sierra Leone First Macro Stability and Resilience DPO with a Catastrophe Deferred Drawdown Option"""
P178676,The First Solomon Islands Resilience DPO with a Catastrophe Deferred Drawdown Option,Solomon Islands,Active,2023-11-30T00:00:00Z,12/31/2026 12:00:00 AM,Development Policy Lending,,,https://projects.worldbank.org/en/projects-operations/project-detail/P178676,"""The First Solomon Islands Resilience DPO with a Catastrophe Deferred Drawdown Option"""
P147454,CATASTROPHE DEFERRED DRAWDOWN OPTION (DPL with DDO),Sri Lanka,Closed,2014-04-22T00:00:00Z,5/31/2017 12:00:00 AM,Development Policy Lending,,,https://projects.worldbank.org/en/projects-operations/project-detail/P147454,"""CATASTROPHE DEFERRED DRAWDOWN OPTION (DPL with DDO)"""
P181432,Saint Lucia Disaster Risk Management Cat DDO,St. Lucia,Pipeline,,,Development Policy Lending,,,https://projects.worldbank.org/en/projects-operations/project-detail/P181432,"""Saint Lucia Disaster Risk Management Cat DDO"""
P154829,Saint Lucia Disaster Risk Management Development Policy Credit with a Catastrophe Deferred Drawdown Option,St. Lucia,Dropped,,,Development Policy Lending,,,https://projects.worldbank.org/en/projects-operations/project-detail/P154829,"""Saint Lucia Disaster Risk Management Development Policy Credit with a Catastrophe Deferred Drawdown Option"""
P503389,SVG Cat DDO,St. Vincent and the Grenadines,Pipeline,,,Development Policy Lending,,,https://projects.worldbank.org/en/projects-operations/project-detail/P503389,"""SVG Cat DDO"""
P507760,SVG DRM Cat-DDO,St. Vincent and the Grenadines,Pipeline,,,Development Policy Lending,0.0,,https://projects.worldbank.org/en/projects-operations/project-detail/P507760,"""SVG DRM Cat-DDO"""
P171640,SVG Disaster Risk Management Development Policy Credit with a Catastrophe Deferred Drawdown Option,St. Vincent and the Grenadines,Dropped,,,Development Policy Lending,,,https://projects.worldbank.org/en/projects-operations/project-detail/P171640,"""SVG Disaster Risk Management Development Policy Credit with a Catastrophe Deferred Drawdown Option"""
P169956,Second Fiscal Reform and Resilience Development Policy Credit with a Cat DDO,St. Vincent and the Grenadines,Closed,2020-06-25T00:00:00Z,6/30/2023 12:00:00 AM,Development Policy Lending,,,https://projects.worldbank.org/en/projects-operations/project-detail/P169956,"""Second Fiscal Reform and Resilience Development Policy Credit with a Cat DDO"""
P180881,Tajikistan Disaster Risk Management Development Policy Financing with Cat DDO,Tajikistan,Pipeline,,,Development Policy Lending,,,https://projects.worldbank.org/en/projects-operations/project-detail/P180881,"""Tajikistan Disaster Risk Management Development Policy Financing with Cat DDO"""
P501960,TZ- Cat DDO,Tanzania,Pipeline,,,Development Policy Lending,,,https://projects.worldbank.org/en/projects-operations/project-detail/P501960,"""TZ- Cat DDO"""
P507912,URT Cat DDO,Tanzania,Pipeline,,,Development Policy Lending,0.0,,https://projects.worldbank.org/en/projects-operations/project-detail/P507912,"""URT Cat DDO"""
P179813,"Tonga First Fiscal, Disaster, and Climate Resilience Development Policy Operation with a Catastrophe Deferred Drawdown Option",Tonga,Active,2024-01-19T00:00:00Z,12/31/2026 12:00:00 AM,Development Policy Lending,,,https://projects.worldbank.org/en/projects-operations/project-detail/P179813,"""Tonga First Fiscal, Disaster, and Climate Resilience Development Policy Operation with a Catastrophe Deferred Drawdown Option"""
P179820,Tuvalu First Climate and Disaster Resilience Development Policy Financing with a Catastrophe Deferred Drawdown Option,Tuvalu,Active,2023-09-22T00:00:00Z,10/30/2026 12:00:00 AM,Development Policy Lending,,,https://projects.worldbank.org/en/projects-operations/project-detail/P179820,"""Tuvalu First Climate and Disaster Resilience Development Policy Financing with a Catastrophe Deferred Drawdown Option"""
P506285,VAN DPF Cat DDO,Vanuatu,Pipeline,,,Development Policy Lending,0.0,,https://projects.worldbank.org/en/projects-operations/project-detail/P506285,"""VAN DPF Cat DDO"""
P168749,Vanuatu Disaster Risk Management Development Policy Grant with a Catastrophe-Deferred Drawdown Option (CAT-DDO),Vanuatu,Closed,2020-01-07T00:00:00Z,6/30/2023 12:00:00 AM,Development Policy Lending,,,https://projects.worldbank.org/en/projects-operations/project-detail/P168749,"""Vanuatu Disaster Risk Management Development Policy Grant with a Catastrophe-Deferred Drawdown Option (CAT-DDO)"""
P176930,Vanuatu Second Disaster Risk Management Development Policy Grant with a Catastrophe Deferred Drawdown Option,Vanuatu,Active,2022-06-22T00:00:00Z,6/30/2025 12:00:00 AM,Development Policy Lending,,,https://projects.worldbank.org/en/projects-operations/project-detail/P176930,"""Vanuatu Second Disaster Risk Management Development Policy Grant with a Catastrophe Deferred Drawdown Option"""
P507116,First Zambia Climate and Economic Resilience Programmatic DPF with Cat-DDO,Zambia,Active,2024-12-18T00:00:00Z,12/31/2027 12:00:00 AM,Development Policy Lending,0.0,,https://projects.worldbank.org/en/projects-operations/project-detail/P507116,"""First Zambia Climate and Economic Resilience Programmatic DPF with Cat-DDO"""
