iso3,country,year,month,year_month,date,n_eq_nearby,monthly_max_mag_nearby,monthly_sum_shake_proxy,monthly_max_shake_proxy,monthly_min_dist_km
AIA,Anguilla,2007,1,2007-01,2007-01-01,1,4.7,81.42189497262898,81.42189497262898,202.28615033768452
AIA,Anguilla,2007,2,2007-02,2007-02-01,1,5.0,109.89437356844616,109.89437356844616,211.38861366112033
AIA,Anguilla,2007,3,2007-03,2007-03-01,0,,0.0,0.0,
AIA,Anguilla,2007,4,2007-04,2007-04-01,2,4.7,71.56584595877831,50.88207454028602,250.26115356769898
AIA,Anguilla,2007,5,2007-05,2007-05-01,1,4.5,52.690107656447886,52.690107656447886,243.2777463625886
AIA,Anguilla,2007,6,2007-06,2007-06-01,1,4.8,106.75704221792488,106.75704221792488,171.1297207996571
AIA,Anguilla,2007,7,2007-07,2007-07-01,1,4.6,60.11985643566521,60.11985643566521,239.92110739347387
AIA,Anguilla,2007,8,2007-08,2007-08-01,2,4.9,88.3019835946168,59.65092654971254,310.5647592614273
AIA,Anguilla,2007,9,2007-09,2007-09-01,2,4.8,223.75489533991203,140.30110339440645,116.48267431443584
AIA,Anguilla,2007,10,2007-10,2007-10-01,0,,0.0,0.0,
AIA,Anguilla,2007,11,2007-11,2007-11-01,7,7.4,774.4792359506547,592.914077461003,406.2386109866196
AIA,Anguilla,2007,12,2007-12,2007-12-01,7,5.3,734.3656310295814,208.05945056820553,140.59186498278254
AIA,Anguilla,2008,1,2008-01,2008-01-01,0,,0.0,0.0,
AIA,Anguilla,2008,2,2008-02,2008-02-01,3,5.5,142.34033523300462,80.05626040467993,389.87587263384177
AIA,Anguilla,2008,3,2008-03,2008-03-01,0,,0.0,0.0,
AIA,Anguilla,2008,4,2008-04,2008-04-01,0,,0.0,0.0,
AIA,Anguilla,2008,5,2008-05,2008-05-01,3,4.6,182.10509525982016,96.75990317118242,121.71675484129926
AIA,Anguilla,2008,6,2008-06,2008-06-01,2,4.9,149.42903142483348,125.59767514545824,161.64994679220314
AIA,Anguilla,2008,7,2008-07,2008-07-01,0,,0.0,0.0,
AIA,Anguilla,2008,8,2008-08,2008-08-01,0,,0.0,0.0,
AIA,Anguilla,2008,9,2008-09,2008-09-01,0,,0.0,0.0,
AIA,Anguilla,2008,10,2008-10,2008-10-01,1,6.1,480.48473529379277,480.48473529379277,169.61781482106414
AIA,Anguilla,2008,11,2008-11,2008-11-01,6,5.4,433.4056526586692,121.97152384173575,144.48332336607692
AIA,Anguilla,2008,12,2008-12,2008-12-01,3,4.8,147.35036478040524,72.83293762786163,201.55548421211998
AIA,Anguilla,2009,1,2009-01,2009-01-01,0,,0.0,0.0,
AIA,Anguilla,2009,2,2009-02,2009-02-01,3,4.8,106.74495309017578,45.49715526613409,341.7108841613579
AIA,Anguilla,2009,3,2009-03,2009-03-01,1,5.1,67.56836249884697,67.56836249884697,331.69042480180406
AIA,Anguilla,2009,4,2009-04,2009-04-01,0,,0.0,0.0,
AIA,Anguilla,2009,5,2009-05,2009-05-01,2,5.0,117.06148372230433,97.65623911775022,235.00183690971656
AIA,Anguilla,2009,6,2009-06,2009-06-01,3,5.0,331.82560051834,179.14858866027774,104.10673386536111
AIA,Anguilla,2009,7,2009-07,2009-07-01,1,4.7,98.34398289253014,98.34398289253014,164.52072122527656
AIA,Anguilla,2009,8,2009-08,2009-08-01,3,5.1,211.7235791819138,93.45360154821999,266.8253828268089
AIA,Anguilla,2009,9,2009-09,2009-09-01,1,4.5,128.97464376539395,128.97464376539395,64.24012683071152
AIA,Anguilla,2009,10,2009-10,2009-10-01,2,4.7,211.6752841431217,193.43699117068536,29.22462722380887
AIA,Anguilla,2009,11,2009-11,2009-11-01,1,4.7,80.95447988270435,80.95447988270435,203.4375897176857
AIA,Anguilla,2009,12,2009-12,2009-12-01,1,4.9,36.711501101671914,36.711501101671914,407.64867807033454
AIA,Anguilla,2010,1,2010-01,2010-01-01,2,5.0,90.41550781713673,56.36583342521676,344.91990957584784
AIA,Anguilla,2010,2,2010-02,2010-02-01,1,4.9,181.93788163591967,181.93788163591967,87.53363174215521
AIA,Anguilla,2010,3,2010-03,2010-03-01,0,,0.0,0.0,
AIA,Anguilla,2010,4,2010-04,2010-04-01,2,4.8,158.12225065114208,99.92860817324183,184.3496420852402
AIA,Anguilla,2010,5,2010-05,2010-05-01,3,5.8,234.94279498757012,104.3120480768588,297.158782041487
AIA,Anguilla,2010,6,2010-06,2010-06-01,1,4.5,21.79531726126131,21.79531726126131,419.82426340893085
AIA,Anguilla,2010,7,2010-07,2010-07-01,3,4.9,360.28145186877026,207.23071741162713,61.500145676384484
AIA,Anguilla,2010,8,2010-08,2010-08-01,1,4.5,24.088978400296565,24.088978400296565,399.812410226953
AIA,Anguilla,2010,9,2010-09,2010-09-01,0,,0.0,0.0,
AIA,Anguilla,2010,10,2010-10,2010-10-01,2,4.7,135.3293556075516,108.66228436333522,144.5660409190742
AIA,Anguilla,2010,11,2010-11,2010-11-01,0,,0.0,0.0,
AIA,Anguilla,2010,12,2010-12,2010-12-01,1,5.1,77.6540813533575,77.6540813533575,303.86557560563773
AIA,Anguilla,2011,1,2011-01,2011-01-01,4,5.0,320.1889672504459,183.02147354354136,109.37184895194291
AIA,Anguilla,2011,2,2011-02,2011-02-01,1,5.0,190.6396844977681,190.6396844977681,101.2155109318892
AIA,Anguilla,2011,3,2011-03,2011-03-01,0,,0.0,0.0,
AIA,Anguilla,2011,4,2011-04,2011-04-01,3,5.0,326.23361093545327,189.85169082874378,102.04390794343115
AIA,Anguilla,2011,5,2011-05,2011-05-01,1,4.7,18.53017920911255,18.53017920911255,498.3348513979263
AIA,Anguilla,2011,6,2011-06,2011-06-01,0,,0.0,0.0,
AIA,Anguilla,2011,7,2011-07,2011-07-01,1,4.6,131.96561034125816,131.96561034125816,82.68087059218333
AIA,Anguilla,2011,8,2011-08,2011-08-01,1,4.6,160.92378305194404,160.92378305194404,43.002971636512605
AIA,Anguilla,2011,9,2011-09,2011-09-01,2,5.0,120.62047479692956,83.59086943301845,150.97643248379663
AIA,Anguilla,2011,10,2011-10,2011-10-01,0,,0.0,0.0,
AIA,Anguilla,2011,11,2011-11,2011-11-01,6,5.2,657.3495927818301,223.18916927441083,52.594682927249
AIA,Anguilla,2011,12,2011-12,2011-12-01,4,5.6,269.5379055962325,109.52492162473435,166.8174705936163
AIA,Anguilla,2012,1,2012-01,2012-01-01,1,4.6,92.08681214097295,92.08681214097295,154.64279430591264
AIA,Anguilla,2012,2,2012-02,2012-02-01,0,,0.0,0.0,
AIA,Anguilla,2012,3,2012-03,2012-03-01,1,4.7,27.83618599575094,27.83618599575094,416.9476279467668
AIA,Anguilla,2012,4,2012-04,2012-04-01,0,,0.0,0.0,
AIA,Anguilla,2012,5,2012-05,2012-05-01,0,,0.0,0.0,
AIA,Anguilla,2012,6,2012-06,2012-06-01,0,,0.0,0.0,
AIA,Anguilla,2012,7,2012-07,2012-07-01,1,5.0,297.5374017478355,297.5374017478355,12.184559048151108
AIA,Anguilla,2012,8,2012-08,2012-08-01,5,5.0,537.6047489852457,142.8549634192587,155.58324308081126
AIA,Anguilla,2012,9,2012-09,2012-09-01,6,4.9,469.5894121355372,127.06154510081738,145.33168588703467
AIA,Anguilla,2012,10,2012-10,2012-10-01,0,,0.0,0.0,
AIA,Anguilla,2012,11,2012-11,2012-11-01,1,4.5,23.468708841416802,23.468708841416802,405.02969280698676
AIA,Anguilla,2012,12,2012-12,2012-12-01,0,,0.0,0.0,
AIA,Anguilla,2013,1,2013-01,2013-01-01,1,5.0,142.30604715268169,142.30604715268169,159.69654649796547
AIA,Anguilla,2013,2,2013-02,2013-02-01,0,,0.0,0.0,
AIA,Anguilla,2013,3,2013-03,2013-03-01,3,4.7,340.26011559344647,149.22030913569864,81.13023396348102
AIA,Anguilla,2013,4,2013-04,2013-04-01,1,5.3,240.34143188180727,240.34143188180727,123.95799024694814
AIA,Anguilla,2013,5,2013-05,2013-05-01,3,4.8,367.994862871294,174.1584472127568,50.22189350311611
AIA,Anguilla,2013,6,2013-06,2013-06-01,0,,0.0,0.0,
AIA,Anguilla,2013,7,2013-07,2013-07-01,1,4.7,102.69549468348966,102.69549468348966,155.86134425473804
AIA,Anguilla,2013,8,2013-08,2013-08-01,1,4.6,90.72085013308205,90.72085013308205,157.63170059905596
AIA,Anguilla,2013,9,2013-09,2013-09-01,1,4.8,172.36966167809499,172.36966167809499,75.31257135738547
AIA,Anguilla,2013,10,2013-10,2013-10-01,0,,0.0,0.0,
AIA,Anguilla,2013,11,2013-11,2013-11-01,1,4.6,35.325443385685055,35.325443385685055,346.26844675654695
AIA,Anguilla,2013,12,2013-12,2013-12-01,0,,0.0,0.0,
AIA,Anguilla,2014,1,2014-01,2014-01-01,3,6.4,432.0039735463786,237.15446041202964,36.96262833874532
AIA,Anguilla,2014,2,2014-02,2014-02-01,0,,0.0,0.0,
AIA,Anguilla,2014,3,2014-03,2014-03-01,0,,0.0,0.0,
AIA,Anguilla,2014,4,2014-04,2014-04-01,2,5.0,262.6479063896495,230.11875100356272,63.57344961845175
AIA,Anguilla,2014,5,2014-05,2014-05-01,7,5.9,477.36279916783826,181.86760709323184,312.30854155209573
AIA,Anguilla,2014,6,2014-06,2014-06-01,1,4.6,146.27757245323906,146.27757245323906,62.08794318980249
AIA,Anguilla,2014,7,2014-07,2014-07-01,1,4.5,22.229570796982095,22.229570796982095,415.87860776502214
AIA,Anguilla,2014,8,2014-08,2014-08-01,1,4.6,75.08564577147888,75.08564577147888,195.4632616503875
AIA,Anguilla,2014,9,2014-09,2014-09-01,0,,0.0,0.0,
AIA,Anguilla,2014,10,2014-10,2014-10-01,0,,0.0,0.0,
AIA,Anguilla,2014,11,2014-11,2014-11-01,0,,0.0,0.0,
AIA,Anguilla,2014,12,2014-12,2014-12-01,1,5.6,162.4671462606343,162.4671462606343,271.35249118233327
AIA,Anguilla,2015,1,2015-01,2015-01-01,0,,0.0,0.0,
AIA,Anguilla,2015,2,2015-02,2015-02-01,1,4.6,29.614446957543976,29.614446957543976,381.5366797470245
AIA,Anguilla,2015,3,2015-03,2015-03-01,1,4.6,120.97687755309347,120.97687755309347,100.06925623059938
AIA,Anguilla,2015,4,2015-04,2015-04-01,0,,0.0,0.0,
AIA,Anguilla,2015,5,2015-05,2015-05-01,0,,0.0,0.0,
AIA,Anguilla,2015,6,2015-06,2015-06-01,0,,0.0,0.0,
AIA,Anguilla,2015,7,2015-07,2015-07-01,1,4.5,16.71280910172898,16.71280910172898,472.92820434755043
AIA,Anguilla,2015,8,2015-08,2015-08-01,2,4.8,145.61103380846947,108.41844891886433,168.0411911365785
AIA,Anguilla,2015,9,2015-09,2015-09-01,0,,0.0,0.0,
AIA,Anguilla,2015,10,2015-10,2015-10-01,1,4.6,70.73927736066051,70.73927736066051,207.38894911772434
AIA,Anguilla,2015,11,2015-11,2015-11-01,1,4.8,36.6774698570549,36.6774698570549,384.80831139837807
AIA,Anguilla,2015,12,2015-12,2015-12-01,1,5.6,65.59735812822741,65.59735812822741,452.74056753595966
AIA,Anguilla,2016,1,2016-01,2016-01-01,2,4.8,146.16163759411828,89.11574793353243,161.2019301085834
AIA,Anguilla,2016,2,2016-02,2016-02-01,1,4.9,26.958879574577345,26.958879574577345,469.4041502922751
AIA,Anguilla,2016,3,2016-03,2016-03-01,3,6.0,416.4849066291542,286.60493181701804,185.5928516972558
AIA,Anguilla,2016,4,2016-04,2016-04-01,0,,0.0,0.0,
AIA,Anguilla,2016,5,2016-05,2016-05-01,3,4.9,346.2653998277182,127.98830262953506,144.34793232057308
AIA,Anguilla,2016,6,2016-06,2016-06-01,0,,0.0,0.0,
AIA,Anguilla,2016,7,2016-07,2016-07-01,0,,0.0,0.0,
AIA,Anguilla,2016,8,2016-08,2016-08-01,1,4.5,82.5149860315703,82.5149860315703,153.56730670492132
AIA,Anguilla,2016,9,2016-09,2016-09-01,1,4.5,22.08078763334813,22.08078763334813,417.2217133327489
AIA,Anguilla,2016,10,2016-10,2016-10-01,3,5.6,220.97803355353585,91.41469880694756,200.4368346237943
AIA,Anguilla,2016,11,2016-11,2016-11-01,2,4.8,81.17619892060293,60.202677952331506,285.6974775204662
AIA,Anguilla,2016,12,2016-12,2016-12-01,2,4.6,65.11968875633319,48.20312398932203,284.10437637471034
AIA,Anguilla,2017,1,2017-01,2017-01-01,0,,0.0,0.0,
AIA,Anguilla,2017,2,2017-02,2017-02-01,1,5.8,80.10228159852763,80.10228159852763,458.83848632759316
AIA,Anguilla,2017,3,2017-03,2017-03-01,1,4.5,117.47430209640524,117.47430209640524,82.91937102688937
AIA,Anguilla,2017,4,2017-04,2017-04-01,3,5.6,352.53481777339437,208.45541065863222,211.85240257622175
AIA,Anguilla,2017,5,2017-05,2017-05-01,0,,0.0,0.0,
AIA,Anguilla,2017,6,2017-06,2017-06-01,0,,0.0,0.0,
AIA,Anguilla,2017,7,2017-07,2017-07-01,2,4.7,95.90133090202903,63.60881835909189,251.66457087131812
AIA,Anguilla,2017,8,2017-08,2017-08-01,1,4.8,49.836861256882266,49.836861256882266,323.48986541528
AIA,Anguilla,2017,9,2017-09,2017-09-01,2,4.6,113.94285382555664,94.5283024536827,126.38343454255431
AIA,Anguilla,2017,10,2017-10,2017-10-01,0,,0.0,0.0,
AIA,Anguilla,2017,11,2017-11,2017-11-01,1,4.8,143.675456128225,143.675456128225,111.72944881493079
AIA,Anguilla,2017,12,2017-12,2017-12-01,1,4.8,221.25223904354326,221.25223904354326,25.38016387561202
AIA,Anguilla,2018,1,2018-01,2018-01-01,0,,0.0,0.0,
AIA,Anguilla,2018,2,2018-02,2018-02-01,2,5.2,301.76722235028706,226.24611142905056,113.01956928122057
AIA,Anguilla,2018,3,2018-03,2018-03-01,1,4.5,59.21329416040303,59.21329416040303,219.93407580738688
AIA,Anguilla,2018,4,2018-04,2018-04-01,4,4.9,350.68535011453497,111.8432890882793,138.7952563221257
AIA,Anguilla,2018,5,2018-05,2018-05-01,0,,0.0,0.0,
AIA,Anguilla,2018,6,2018-06,2018-06-01,0,,0.0,0.0,
AIA,Anguilla,2018,7,2018-07,2018-07-01,0,,0.0,0.0,
AIA,Anguilla,2018,8,2018-08,2018-08-01,0,,0.0,0.0,
AIA,Anguilla,2018,9,2018-09,2018-09-01,1,5.4,49.29009380967672,49.29009380967672,463.8513254298402
AIA,Anguilla,2018,10,2018-10,2018-10-01,0,,0.0,0.0,
AIA,Anguilla,2018,11,2018-11,2018-11-01,2,4.9,152.55913356476034,93.69457433976321,220.25863897184252
AIA,Anguilla,2018,12,2018-12,2018-12-01,1,4.6,17.714957040347276,17.714957040347276,484.30728012314233
AIA,Anguilla,2019,1,2019-01,2019-01-01,1,4.5,35.25753837511856,35.25753837511856,323.62741964573416
AIA,Anguilla,2019,2,2019-02,2019-02-01,1,4.8,95.3332156693024,95.3332156693024,193.76518705456297
AIA,Anguilla,2019,3,2019-03,2019-03-01,1,4.6,41.0905895021201,41.0905895021201,316.0333168971923
AIA,Anguilla,2019,4,2019-04,2019-04-01,0,,0.0,0.0,
AIA,Anguilla,2019,5,2019-05,2019-05-01,0,,0.0,0.0,
AIA,Anguilla,2019,6,2019-06,2019-06-01,0,,0.0,0.0,
AIA,Anguilla,2019,7,2019-07,2019-07-01,1,4.6,36.670704396437664,36.670704396437664,338.79350458438086
AIA,Anguilla,2019,8,2019-08,2019-08-01,1,4.9,182.6620357039251,182.6620357039251,86.73916637253696
AIA,Anguilla,2019,9,2019-09,2019-09-01,5,6.0,246.43381343382407,115.7556588361449,415.31169446610727
AIA,Anguilla,2019,10,2019-10,2019-10-01,2,4.96,207.16314386006536,122.32059764525827,171.02971453575003
AIA,Anguilla,2019,11,2019-11,2019-11-01,1,4.78,29.919559563311797,29.919559563311797,420.9331879470774
AIA,Anguilla,2019,12,2019-12,2019-12-01,4,5.0,152.27750266630989,44.676813509421855,281.51900787281113
AIA,Anguilla,2020,1,2020-01,2020-01-01,32,6.4,1614.2824153176123,232.45130646879318,369.47100553313464
AIA,Anguilla,2020,2,2020-02,2020-02-01,4,5.0,166.04415619879217,50.29223141163733,252.5931678310909
AIA,Anguilla,2020,3,2020-03,2020-03-01,0,,0.0,0.0,
AIA,Anguilla,2020,4,2020-04,2020-04-01,0,,0.0,0.0,
AIA,Anguilla,2020,5,2020-05,2020-05-01,3,5.4,123.94881913002874,76.79648352690475,371.72916200948174
AIA,Anguilla,2020,6,2020-06,2020-06-01,4,4.8,108.94749236187577,34.241938467269925,398.550611880099
AIA,Anguilla,2020,7,2020-07,2020-07-01,3,5.3,119.29393445325928,58.553986475405814,404.08026950043427
AIA,Anguilla,2020,8,2020-08,2020-08-01,2,4.8,55.3275940144583,38.03287394312636,377.55066673588556
AIA,Anguilla,2020,9,2020-09,2020-09-01,0,,0.0,0.0,
AIA,Anguilla,2020,10,2020-10,2020-10-01,3,5.3,529.1446786303577,275.1779858113755,71.8993388817696
AIA,Anguilla,2020,11,2020-11,2020-11-01,3,4.71,178.04844674840706,84.16658866555245,191.09557169818018
AIA,Anguilla,2020,12,2020-12,2020-12-01,3,4.8,121.77918707059243,53.77636966609735,262.2223137487161
AIA,Anguilla,2021,1,2021-01,2021-01-01,1,5.4,332.61413000030353,332.61413000030353,81.99934035259214
AIA,Anguilla,2021,2,2021-02,2021-02-01,1,4.99,135.2096400432116,135.2096400432116,167.62466877167873
AIA,Anguilla,2021,3,2021-03,2021-03-01,3,5.8,327.76411783090435,176.75202928498976,209.21334876683176
AIA,Anguilla,2021,4,2021-04,2021-04-01,1,4.5,97.2280247883776,97.2280247883776,120.75149369172021
AIA,Anguilla,2021,5,2021-05,2021-05-01,0,,0.0,0.0,
AIA,Anguilla,2021,6,2021-06,2021-06-01,1,4.6,143.21366782979115,143.21366782979115,66.32160363512982
AIA,Anguilla,2021,7,2021-07,2021-07-01,0,,0.0,0.0,
AIA,Anguilla,2021,8,2021-08,2021-08-01,0,,0.0,0.0,
AIA,Anguilla,2021,9,2021-09,2021-09-01,2,4.8,136.1157703207469,68.62426168486415,259.5116164208788
AIA,Anguilla,2021,10,2021-10,2021-10-01,2,4.8,176.6921093550772,96.56917588433458,145.137222762446
AIA,Anguilla,2021,11,2021-11,2021-11-01,1,5.0,225.90055316632095,225.90055316632095,67.27357205841226
AIA,Anguilla,2021,12,2021-12,2021-12-01,0,,0.0,0.0,
AIA,Anguilla,2022,1,2022-01,2022-01-01,0,,0.0,0.0,
AIA,Anguilla,2022,2,2022-02,2022-02-01,1,5.0,90.50529415308877,90.50529415308877,250.21087691221436
AIA,Anguilla,2022,3,2022-03,2022-03-01,1,4.5,43.049502152602265,43.049502152602265,283.6931585658428
AIA,Anguilla,2022,4,2022-04,2022-04-01,1,4.6,24.19484871388051,24.19484871388051,421.961193289002
AIA,Anguilla,2022,5,2022-05,2022-05-01,4,5.5,560.244214448957,320.4793863756903,112.45820970437248
AIA,Anguilla,2022,6,2022-06,2022-06-01,2,5.1,416.8697922990088,323.7682342222469,18.312810757018067
AIA,Anguilla,2022,7,2022-07,2022-07-01,1,4.5,17.624956332338055,17.624956332338055,462.30011762783613
AIA,Anguilla,2022,8,2022-08,2022-08-01,0,,0.0,0.0,
AIA,Anguilla,2022,9,2022-09,2022-09-01,2,5.2,217.38769810774835,179.7323199474963,159.05052182894846
AIA,Anguilla,2022,10,2022-10,2022-10-01,0,,0.0,0.0,
AIA,Anguilla,2022,11,2022-11,2022-11-01,2,5.0,101.42561426321367,65.1447062357254,223.86693372650905
AIA,Anguilla,2022,12,2022-12,2022-12-01,6,5.2,512.64927528287,127.40389017610893,227.87179279567016
AIA,Anguilla,2023,1,2023-01,2023-01-01,2,6.1,426.1988237938896,306.36614960427625,101.96986518247257
AIA,Anguilla,2023,2,2023-02,2023-02-01,4,4.6,345.28643757229304,170.56134049723963,8.34429178037539
AIA,Anguilla,2023,3,2023-03,2023-03-01,0,,0.0,0.0,
AIA,Anguilla,2023,4,2023-04,2023-04-01,3,5.2,236.79494695538014,170.62474154703514,169.45091811781865
AIA,Anguilla,2023,5,2023-05,2023-05-01,0,,0.0,0.0,
AIA,Anguilla,2023,6,2023-06,2023-06-01,0,,0.0,0.0,
AIA,Anguilla,2023,7,2023-07,2023-07-01,1,6.6,464.7680337073941,464.7680337073941,291.3984756006666
AIA,Anguilla,2023,8,2023-08,2023-08-01,1,4.5,64.24938674186822,64.24938674186822,203.60885607609453
AIA,Anguilla,2023,9,2023-09,2023-09-01,0,,0.0,0.0,
AIA,Anguilla,2023,10,2023-10,2023-10-01,0,,0.0,0.0,
AIA,Anguilla,2023,11,2023-11,2023-11-01,1,4.9,198.33746991021667,198.33746991021667,70.27270089704434
AIA,Anguilla,2023,12,2023-12,2023-12-01,5,5.7,679.4840988605433,406.13262147422483,111.1375509787318
AIA,Anguilla,2024,1,2024-01,2024-01-01,3,4.6,228.04089358543087,79.03704444246571,185.2058108666525
AIA,Anguilla,2024,2,2024-02,2024-02-01,0,,0.0,0.0,
AIA,Anguilla,2024,3,2024-03,2024-03-01,0,,0.0,0.0,
AIA,Anguilla,2024,4,2024-04,2024-04-01,1,4.9,121.11616907859609,121.11616907859609,168.91666355724277
AIA,Anguilla,2024,5,2024-05,2024-05-01,2,5.6,129.75051270882267,65.97505038448487,228.11544011621888
AIA,Anguilla,2024,6,2024-06,2024-06-01,0,,0.0,0.0,
AIA,Anguilla,2024,7,2024-07,2024-07-01,0,,0.0,0.0,
AIA,Anguilla,2024,8,2024-08,2024-08-01,0,,0.0,0.0,
AIA,Anguilla,2024,9,2024-09,2024-09-01,0,,0.0,0.0,
AIA,Anguilla,2024,10,2024-10,2024-10-01,0,,0.0,0.0,
AIA,Anguilla,2024,11,2024-11,2024-11-01,3,5.0,285.59704268531755,136.0093480429831,168.74782270021524
AIA,Anguilla,2024,12,2024-12,2024-12-01,1,4.65,66.12103193023243,66.12103193023243,232.404692289961
