id,time,year,month,year_month,mag,place,country,iso_a3,dist_km,shake_proxy
usp000f1v7,2007-01-07 06:15:33.510000+00:00,2007,1,2007-01,4.7,"102 km N of Charlotte Amalie, U.S. Virgin Islands",Montserrat,MSR,431.4085226910597,25.894545681515172
usp000f5rs,2007-02-27 09:42:40.610000+00:00,2007,2,2007-02,5.0,"30 km E of Parham, Antigua and Barbuda",Montserrat,MSR,83.93889449318073,207.83993912303302
usp000f7ru,2007-03-29 05:24:44.370000+00:00,2007,3,2007-03,4.7,"49 km NW of Speightstown, Barbados",Montserrat,MSR,432.8314072796262,25.710974706688482
usp000f8sb,2007-04-05 13:14:42.490000+00:00,2007,4,2007-04,4.5,"124 km ENE of Codrington, Antigua and Barbuda",Montserrat,MSR,210.058512781216,62.21050619261099
usp000fcy0,2007-05-28 18:24:28.940000+00:00,2007,5,2007-05,4.5,"65 km W of Pointe-Noire, Guadeloupe",Montserrat,MSR,60.456236295634696,131.43800265680235
usp000fe7b,2007-06-17 09:03:06.860000+00:00,2007,6,2007-06,4.8,"94 km N of Charlotte Amalie, U.S. Virgin Islands",Montserrat,MSR,403.55696491157363,33.395441165899825
usp000fg60,2007-07-14 18:11:51.190000+00:00,2007,7,2007-07,4.6,"22 km NW of Anse-Bertrand, Guadeloupe",Montserrat,MSR,56.50643884496508,150.41731326154886
usp000fjvs,2007-08-16 07:20:26.760000+00:00,2007,8,2007-08,4.9,"144 km NE of Beauséjour, Guadeloupe",Montserrat,MSR,218.00245326648147,94.75752037289224
usp000fkbq,2007-08-21 03:57:48.420000+00:00,2007,8,2007-08,4.5,"6 km NE of Marigot, Dominica",Montserrat,MSR,163.0649006796567,78.68810149220488
usp000fn3z,2007-09-13 06:37:22.700000+00:00,2007,9,2007-09,5.0,"58 km ESE of Le Marin, Martinique",Montserrat,MSR,343.7537626447313,56.69544765628314
usp000fn7q,2007-09-14 06:03:15+00:00,2007,9,2007-09,4.8,"36 km E of Cruz Bay, U.S. Virgin Islands",Montserrat,MSR,309.58906054593155,53.423937881534044
usp000fng5,2007-09-16 23:46:51.590000+00:00,2007,9,2007-09,4.5,"90 km N of Cruz Bay, U.S. Virgin Islands",Montserrat,MSR,385.69860232645266,25.85033208803305
usp000fs3p,2007-11-07 06:30:34.210000+00:00,2007,11,2007-11,4.8,"45 km NE of La Trinité, Martinique",Montserrat,MSR,261.44576541056637,67.96381261735043
usp000ftfj,2007-11-28 14:18:11.190000+00:00,2007,11,2007-11,4.8,"63 km NE of Sainte-Marie, Martinique",Montserrat,MSR,254.0997072761204,70.50655518231119
usp000ftj1,2007-11-29 19:00:20.420000+00:00,2007,11,2007-11,7.4,"18 km WNW of Basse-Pointe, Martinique",Montserrat,MSR,223.38143197988177,1640.3381427660458
usp000ftj6,2007-11-29 19:34:46.280000+00:00,2007,11,2007-11,5.1,Leeward Islands,Montserrat,MSR,202.84590349162758,128.6843452502804
usp000ftj8,2007-11-29 20:11:11.040000+00:00,2007,11,2007-11,4.5,"21 km S of Berekua, Dominica",Montserrat,MSR,211.94788332586864,61.62557990904001
usp000ftj9,2007-11-29 20:17:06.680000+00:00,2007,11,2007-11,4.5,Leeward Islands,Montserrat,MSR,209.59767244476888,62.35401702108323
usp000ftjt,2007-11-30 04:00:00.230000+00:00,2007,11,2007-11,5.0,"22 km SSE of Berekua, Dominica",Montserrat,MSR,214.2214099879555,108.34880323350708
usp000ftvv,2007-12-05 12:11:23.080000+00:00,2007,12,2007-12,5.2,"19 km S of Berekua, Dominica",Montserrat,MSR,209.94554576272103,139.35066317421405
usp000fubb,2007-12-13 00:18:28.890000+00:00,2007,12,2007-12,4.6,"11 km WNW of Gros Islet, Saint Lucia",Montserrat,MSR,321.8894936205463,39.904864979889176
usp000fuqp,2007-12-19 01:57:23.960000+00:00,2007,12,2007-12,5.3,"97 km N of Cruz Bay, U.S. Virgin Islands",Montserrat,MSR,389.45905794459566,63.72361440728047
usp000fur4,2007-12-19 02:48:52.110000+00:00,2007,12,2007-12,4.5,"95 km N of Cruz Bay, U.S. Virgin Islands",Montserrat,MSR,392.93125037976165,24.932201660584713
usp000fur8,2007-12-19 03:14:24.630000+00:00,2007,12,2007-12,4.6,"120 km NNE of Cruz Bay, U.S. Virgin Islands",Montserrat,MSR,400.9135182767991,26.87988191231644
usp000fv4j,2007-12-24 02:32:46.930000+00:00,2007,12,2007-12,4.6,"25 km WNW of Basse-Pointe, Martinique",Montserrat,MSR,216.93133736529373,67.44342019614305
usp000fvet,2007-12-28 03:34:13.430000+00:00,2007,12,2007-12,5.2,"99 km N of Cruz Bay, U.S. Virgin Islands",Montserrat,MSR,394.0696389522304,55.499446460799724
usp000fvh8,2007-12-28 18:18:07.290000+00:00,2007,12,2007-12,4.6,"100 km NNE of Cruz Bay, U.S. Virgin Islands",Montserrat,MSR,379.8609039142685,29.86362528986363
usp000fyaz,2008-02-06 18:37:57.870000+00:00,2008,2,2008-02,5.3,"66 km ENE of La Trinité, Martinique",Montserrat,MSR,274.5505604466261,113.19338121201062
usp000fz2y,2008-02-17 01:50:08.850000+00:00,2008,2,2008-02,4.5,"24 km WNW of Saint-Pierre, Martinique",Montserrat,MSR,231.4482725505206,55.900599045662474
usp000g5d2,2008-05-03 06:36:44.140000+00:00,2008,5,2008-05,4.5,"132 km NNE of Cruz Bay, U.S. Virgin Islands",Montserrat,MSR,369.6925203594314,28.00418203567879
usp000g5ft,2008-05-04 11:15:48.950000+00:00,2008,5,2008-05,4.5,"190 km N of Charlotte Amalie, U.S. Virgin Islands",Montserrat,MSR,494.45257487527175,15.007552657153498
usp000g7dc,2008-05-21 11:43:17.490000+00:00,2008,5,2008-05,4.6,"37 km E of Grand-Bourg, Guadeloupe",Montserrat,MSR,160.25491591506096,89.53871793052575
usp000g8u7,2008-06-07 16:56:08.760000+00:00,2008,6,2008-06,4.9,"169 km NNE of Cruz Bay, U.S. Virgin Islands",Montserrat,MSR,410.67177841386825,36.16076118476569
usp000gatu,2008-06-28 08:03:47.630000+00:00,2008,6,2008-06,4.6,"20 km N of Basse-Pointe, Martinique",Montserrat,MSR,221.632976186899,65.87643780938824
usp000gg74,2008-09-02 06:18:57.010000+00:00,2008,9,2008-09,4.7,"49 km E of Dennery, Saint Lucia",Montserrat,MSR,377.06807476165307,33.97872504280415
usp000gjyf,2008-10-11 10:40:14.060000+00:00,2008,10,2008-10,6.1,"91 km N of Charlotte Amalie, U.S. Virgin Islands",Montserrat,MSR,401.13316073923266,150.99077314314852
usp000gmmf,2008-11-01 17:25:08.260000+00:00,2008,11,2008-11,4.5,"30 km WNW of Bolands, Antigua and Barbuda",Montserrat,MSR,41.70548411317005,144.35694810251067
usp000gmpc,2008-11-02 08:05:21.410000+00:00,2008,11,2008-11,4.8,"20 km E of Market Shop, Saint Kitts and Nevis",Montserrat,MSR,42.263531257073,203.34144617006663
usp000gqbz,2008-12-10 21:33:29.060000+00:00,2008,12,2008-12,4.8,"64 km ESE of Beauséjour, Guadeloupe",Montserrat,MSR,193.1451946154992,95.62920357245929
usp000gqth,2008-12-17 19:55:53.970000+00:00,2008,12,2008-12,4.6,"76 km NNW of Charlotte Amalie, U.S. Virgin Islands",Montserrat,MSR,418.7337972669237,24.58844771484432
usp000gtfg,2009-02-05 06:08:04.090000+00:00,2009,2,2009-02,4.5,"53 km ESE of Beauséjour, Guadeloupe",Montserrat,MSR,182.42296499970794,71.42883463414098
usp000gxb3,2009-05-20 03:36:09.490000+00:00,2009,5,2009-05,5.0,"73 km NNE of Vieques, Puerto Rico",Montserrat,MSR,446.93647584266193,33.84463025592838
usp000gxm1,2009-05-28 16:28:08.880000+00:00,2009,5,2009-05,4.6,"65 km ENE of La Trinité, Martinique",Montserrat,MSR,267.65575462084604,52.33508255723114
usp000gxra,2009-06-01 04:33:54.010000+00:00,2009,6,2009-06,4.5,"148 km NNW of The Valley, Anguilla",Montserrat,MSR,345.0517432447703,31.675950796585617
usp000gxrb,2009-06-01 04:35:09.920000+00:00,2009,6,2009-06,5.0,"155 km NNW of The Valley, Anguilla",Montserrat,MSR,351.67890746651636,54.49277887327545
usp000gzh3,2009-07-21 19:00:22.130000+00:00,2009,7,2009-07,4.7,"86 km N of Charlotte Amalie, U.S. Virgin Islands",Montserrat,MSR,395.07482226888465,31.053168777297827
usp000h0a2,2009-08-13 14:48:40.160000+00:00,2009,8,2009-08,4.9,"98 km N of Suárez, Puerto Rico",Montserrat,MSR,493.5006888440132,23.898842662823803
usp000h0bt,2009-08-14 09:48:15.830000+00:00,2009,8,2009-08,4.5,"96 km N of Suárez, Puerto Rico",Montserrat,MSR,486.3939462629116,15.62460207224811
usp000h0bu,2009-08-14 09:50:24.140000+00:00,2009,8,2009-08,5.1,"92 km N of Suárez, Puerto Rico",Montserrat,MSR,484.92933036237355,31.404315988227573
usp000h1qu,2009-09-21 03:55:01.280000+00:00,2009,9,2009-09,4.5,"78 km N of The Valley, Anguilla",Montserrat,MSR,258.95545665476175,48.71754226277315
usp000h2dw,2009-10-05 16:28:10.530000+00:00,2009,10,2009-10,4.7,"30 km SE of The Valley, Anguilla",Montserrat,MSR,157.82437875390252,101.69245126327681
usp000h2zx,2009-10-15 07:53:46.280000+00:00,2009,10,2009-10,4.6,"130 km ENE of La Trinité, Martinique",Montserrat,MSR,292.0869407764287,46.317090117975084
usp000h3zx,2009-11-12 23:03:39.880000+00:00,2009,11,2009-11,4.7,"60 km E of Codrington, Antigua and Barbuda",Montserrat,MSR,134.06393462875218,114.52066595432662
usp000h4h9,2009-11-28 08:18:35.640000+00:00,2009,11,2009-11,5.0,"138 km ENE of Le Vauclin, Martinique",Montserrat,MSR,335.278458148402,59.14963630661972
usp000h5bv,2009-12-25 15:26:24.700000+00:00,2009,12,2009-12,4.9,"21 km SSW of Soufrière, Dominica",Montserrat,MSR,204.71321705752453,101.26768855924733
usp000h6f2,2010-01-21 17:11:22.230000+00:00,2010,1,2010-01,4.7,"4 km WSW of Castle Bruce, Dominica",Montserrat,MSR,173.42539980824563,94.06141965621255
usp000h6k3,2010-01-24 22:43:23.180000+00:00,2010,1,2010-01,5.0,"34 km SSE of Beauséjour, Guadeloupe",Montserrat,MSR,155.77004880785256,145.1274741741742
usp000h7pm,2010-02-25 22:43:26.650000+00:00,2010,2,2010-02,4.9,"54 km NW of Codrington, Antigua and Barbuda",Montserrat,MSR,133.3114405153498,144.7164448769848
usp000hb4v,2010-04-10 18:50:24.500000+00:00,2010,4,2010-04,4.8,Puerto Rico region,Montserrat,MSR,398.56235147419875,34.239928593964265
usp000hbjg,2010-04-17 20:05:06.360000+00:00,2010,4,2010-04,4.6,"117 km NNE of Vieques, Puerto Rico",Montserrat,MSR,474.4355449884996,18.6112826135676
usp000hcfj,2010-05-07 23:12:10.910000+00:00,2010,5,2010-05,5.2,Leeward Islands,Montserrat,MSR,130.36736352098927,207.44877136041268
usp000heq1,2010-06-29 18:48:26.520000+00:00,2010,6,2010-06,4.5,"27 km N of Basse-Pointe, Martinique",Montserrat,MSR,216.69819623261418,60.179121791942784
usp000hf03,2010-07-07 15:05:38+00:00,2010,7,2010-07,4.5,"86 km N of Charlotte Amalie, U.S. Virgin Islands",Montserrat,MSR,397.60183662958724,24.35670756041539
usp000hfcr,2010-07-17 08:59:33.620000+00:00,2010,7,2010-07,4.9,"74 km ENE of The Valley, Anguilla",Montserrat,MSR,191.1473417716446,108.37492780888793
usp000hgdf,2010-07-22 00:00:04.580000+00:00,2010,7,2010-07,4.5,"15 km N of Charlotte Amalie, U.S. Virgin Islands",Montserrat,MSR,362.3317446480619,29.054045572559648
usp000hhp3,2010-08-06 17:49:31.620000+00:00,2010,8,2010-08,4.7,"150 km NE of Greenland, Barbados",Montserrat,MSR,471.92250293911775,21.146247230540407
usp000hj9v,2010-08-16 04:30:15.920000+00:00,2010,8,2010-08,4.5,"13 km ESE of La Plaine, Dominica",Montserrat,MSR,197.05106062277466,66.39097682925862
usp000hmy5,2010-10-10 13:50:17.980000+00:00,2010,10,2010-10,4.5,"7 km WNW of Roseau, Dominica",Montserrat,MSR,175.8970626812909,73.79796419779038
usp000hnfs,2010-10-24 02:17:53.390000+00:00,2010,10,2010-10,4.7,"94 km NNE of Cruz Bay, U.S. Virgin Islands",Montserrat,MSR,381.3511368911775,33.2587963528681
usp000hrud,2010-12-24 23:43:44.860000+00:00,2010,12,2010-12,5.1,"3 km W of Aguas Buenas, Puerto Rico",Montserrat,MSR,469.0158146571004,34.00518162872937
usp000ht44,2011-01-14 21:36:39.650000+00:00,2011,1,2011-01,4.9,"210 km NE of Codrington, Antigua and Barbuda",Montserrat,MSR,316.96117630699933,57.77334997764916
usp000htef,2011-01-21 03:37:16.710000+00:00,2011,1,2011-01,5.0,"35 km SW of Oranjestad, Bonaire, Saint Eustatius and Saba ",Montserrat,MSR,121.54018348947032,172.21812036152267
usp000htn0,2011-01-25 10:32:38.730000+00:00,2011,1,2011-01,4.5,"121 km SE of Beauséjour, Guadeloupe",Montserrat,MSR,251.83712762173124,50.48270594666168
usp000htzp,2011-02-02 12:40:59.230000+00:00,2011,2,2011-02,5.0,"38 km SW of The Bottom, Bonaire, Saint Eustatius and Saba ",Montserrat,MSR,154.33093153282624,146.1755175713995
usp000hzpd,2011-04-10 23:44:06.080000+00:00,2011,4,2011-04,4.6,"113 km NE of Sainte-Marie, Martinique",Montserrat,MSR,272.4442032083188,51.09694434381521
usp000hzur,2011-04-13 04:28:57.680000+00:00,2011,4,2011-04,5.0,"89 km NE of Cruz Bay, U.S. Virgin Islands",Montserrat,MSR,339.619486892343,57.87961777679757
usp000j0jg,2011-04-25 13:10:21.770000+00:00,2011,4,2011-04,4.6,"86 km E of Dennery, Saint Lucia",Montserrat,MSR,380.8067613249657,29.72272507480782
usp000j0sb,2011-04-29 20:02:17.710000+00:00,2011,4,2011-04,4.9,"160 km NNE of Cruz Bay, U.S. Virgin Islands",Montserrat,MSR,424.8221704573364,33.69072663814484
usp000j569,2011-07-19 22:05:59.860000+00:00,2011,7,2011-07,4.6,"113 km N of The Valley, Anguilla",Montserrat,MSR,301.1567990676217,44.26355793553194
usp000j644,2011-08-07 04:01:09.370000+00:00,2011,8,2011-08,5.2,"61 km E of Dennery, Saint Lucia",Montserrat,MSR,382.3949121847031,58.835574523350715
usp000j669,2011-08-08 14:42:54.040000+00:00,2011,8,2011-08,4.5,"95 km NNE of Greenland, Barbados",Montserrat,MSR,427.6083747615883,20.9633271604996
usp000j6vq,2011-08-22 17:18:07.760000+00:00,2011,8,2011-08,4.6,"38 km NE of Upper Hell's Gate, Bonaire, Saint Eustatius and Saba ",Montserrat,MSR,144.5476449012513,96.85427113337093
usp000j7u9,2011-09-09 10:11:22.500000+00:00,2011,9,2011-09,5.0,"20 km NNE of Basse-Pointe, Martinique",Montserrat,MSR,225.73968299219914,102.28513121981199
usp000j8na,2011-09-27 20:02:59+00:00,2011,9,2011-09,4.5,"37 km WNW of Bolands, Antigua and Barbuda",Montserrat,MSR,42.10287258993231,144.07040393157877
usp000jadj,2011-11-06 02:35:28+00:00,2011,11,2011-11,4.8,"58 km NE of Sainte-Marie, Martinique",Montserrat,MSR,257.43373316931655,69.34094421491187
usp000jas3,2011-11-12 23:45:59.100000+00:00,2011,11,2011-11,4.9,"107 km NNE of Cruz Bay, U.S. Virgin Islands",Montserrat,MSR,365.6591742113883,45.28779665933424
usp000jas5,2011-11-12 23:47:32.320000+00:00,2011,11,2011-11,5.2,"94 km NNE of Cruz Bay, U.S. Virgin Islands",Montserrat,MSR,355.2035945124491,67.40392625224396
usp000jbgt,2011-11-28 05:42:50.700000+00:00,2011,11,2011-11,4.6,"58 km ESE of The Valley, Anguilla",Montserrat,MSR,144.83945447846304,96.71305915638752
usp000jbs6,2011-12-03 09:27:11.330000+00:00,2011,12,2011-12,5.6,"218 km E of Codrington, Antigua and Barbuda",Montserrat,MSR,295.74601826386805,143.81218379525978
usp000jc5k,2011-12-13 22:04:33+00:00,2011,12,2011-12,4.5,"157 km NNE of Cruz Bay, U.S. Virgin Islands",Montserrat,MSR,415.31908357490533,22.29184778304819
usp000jdgh,2012-01-14 16:45:05.900000+00:00,2012,1,2012-01,4.6,"16 km ENE of Codrington, Antigua and Barbuda",Montserrat,MSR,115.16429395724822,112.1821897772015
usp000jfqr,2012-03-03 08:40:26.900000+00:00,2012,3,2012-03,4.7,"21 km SE of Berekua, Dominica",Montserrat,MSR,213.46562269159318,76.99549049033055
usp000jnm9,2012-07-04 21:29:26.150000+00:00,2012,7,2012-07,5.0,"13 km ESE of Blowing Point Village, Anguilla",Montserrat,MSR,174.92960055519876,131.86975483932795
usp000jqrw,2012-08-26 14:37:51+00:00,2012,8,2012-08,4.8,"157 km NNE of Cruz Bay, U.S. Virgin Islands",Montserrat,MSR,404.4412282651506,33.24811526912532
usp000jqxf,2012-08-27 16:39:42.850000+00:00,2012,8,2012-08,4.6,"140 km NNE of Cruz Bay, U.S. Virgin Islands",Montserrat,MSR,413.863612585254,25.194548732049572
usp000jr2c,2012-08-29 19:35:54.240000+00:00,2012,8,2012-08,5.0,"154 km NNE of Cruz Bay, U.S. Virgin Islands",Montserrat,MSR,407.498068459894,41.22201219200761
usp000jr2d,2012-08-29 19:44:12.120000+00:00,2012,8,2012-08,4.8,"150 km NNE of Cruz Bay, U.S. Virgin Islands",Montserrat,MSR,404.3604448503808,33.261547463119435
usp000jr2u,2012-08-29 22:26:28.580000+00:00,2012,8,2012-08,4.5,"170 km NNE of Cruz Bay, U.S. Virgin Islands",Montserrat,MSR,414.0194844911051,22.437171753725792
usp000jrqz,2012-09-05 00:24:48.590000+00:00,2012,9,2012-09,4.9,"162 km NNE of Cruz Bay, U.S. Virgin Islands",Montserrat,MSR,408.2977966763621,36.592543657719474
usp000jsep,2012-09-16 14:52:08.200000+00:00,2012,9,2012-09,4.5,"153 km NNE of Cruz Bay, U.S. Virgin Islands",Montserrat,MSR,394.2360114007888,24.770078241900112
usp000jsrz,2012-09-23 05:34:43.190000+00:00,2012,9,2012-09,4.6,"126 km N of Cruz Bay, U.S. Virgin Islands",Montserrat,MSR,408.7762160672651,25.843642524492665
usp000jt64,2012-09-28 15:36:26.610000+00:00,2012,9,2012-09,4.6,"148 km NNE of Cruz Bay, U.S. Virgin Islands",Montserrat,MSR,412.1410578414581,25.41248083198233
usp000jt6d,2012-09-28 18:50:27.350000+00:00,2012,9,2012-09,4.5,"197 km NNE of Cruz Bay, U.S. Virgin Islands",Montserrat,MSR,449.0192018510263,18.83506797257634
usp000jw00,2012-11-23 19:54:13.200000+00:00,2012,11,2012-11,4.5,"17 km ESE of La Plaine, Dominica",Montserrat,MSR,202.19603527231334,64.70485794688969
usp000jy6s,2013-01-10 16:33:34.930000+00:00,2013,1,2013-01,5.0,"137 km NNE of Cruz Bay, U.S. Virgin Islands",Montserrat,MSR,406.1183031445021,41.507378921255004
usp000jzpu,2013-03-09 13:48:08.690000+00:00,2013,3,2013-03,4.7,"2 km WNW of Oranjestad, Bonaire, Saint Eustatius and Saba ",Montserrat,MSR,118.73864256194628,123.64094442309323
us2013mvcg,2013-03-16 16:58:57.610000+00:00,2013,3,2013-03,4.7,"90 km NNE of The Valley, Anguilla",Montserrat,MSR,265.302396404245,59.415966498166384
usb000gih0,2013-04-30 06:56:48.740000+00:00,2013,4,2013-04,5.3,Leeward Islands,Montserrat,MSR,81.15333613215333,297.6992699665832
usp000k0n3,2013-05-09 19:33:38.500000+00:00,2013,5,2013-05,4.7,"85 km E of Codrington, Antigua and Barbuda",Montserrat,MSR,148.65424671140622,106.46366305718799
usb000gynx,2013-05-18 23:50:46.520000+00:00,2013,5,2013-05,4.8,"27 km SW of Codrington, Antigua and Barbuda",Montserrat,MSR,75.81917864601034,171.93359556221685
usb000h0bv,2013-05-20 23:33:43.340000+00:00,2013,5,2013-05,4.7,"59 km NNE of The Valley, Anguilla",Montserrat,MSR,232.76788578472943,69.9118763458543
usb000i8sc,2013-07-08 09:14:12.690000+00:00,2013,7,2013-07,4.7,"13 km E of Codrington, Antigua and Barbuda",Montserrat,MSR,108.91705206704601,129.86425442878948
usb000jb72,2013-08-24 11:51:59.700000+00:00,2013,8,2013-08,4.6,"25 km ENE of Codrington, Antigua and Barbuda",Montserrat,MSR,125.39280307434089,106.58914726353784
usb000jm63,2013-09-09 15:37:43.690000+00:00,2013,9,2013-09,4.8,"86 km NNE of The Valley, Anguilla",Montserrat,MSR,263.7296087438135,67.19213348667029
usb000l6c7,2013-11-25 20:22:00.700000+00:00,2013,11,2013-11,4.6,Leeward Islands,Montserrat,MSR,143.87889299459076,97.17867058043431
usc000ly5b,2014-01-07 10:20:35.100000+00:00,2014,1,2014-01,4.5,"47 km NNE of The Valley, Anguilla",Montserrat,MSR,221.64096589866602,58.71009156813143
usc000lzsw,2014-01-10 03:14:02.300000+00:00,2014,1,2014-01,4.5,"15 km WSW of Pointe-Noire, Guadeloupe",Montserrat,MSR,62.49833507164619,130.10278395641052
usc000mskt,2014-02-18 09:27:13.120000+00:00,2014,2,2014-02,6.5,"171 km NNE of Greenland, Barbados",Montserrat,MSR,427.5374434232816,209.7076326330774
usb000qlmp,2014-04-09 20:50:14.860000+00:00,2014,4,2014-04,4.6,"34 km ESE of Le Marin, Martinique",Montserrat,MSR,319.0219078209522,40.48113952003702
usb000prhk,2014-04-19 19:31:34.330000+00:00,2014,4,2014-04,5.0,"69 km ESE of The Valley, Anguilla",Montserrat,MSR,139.52687317524283,157.4059861342965
usb000quth,2014-04-28 19:34:10.340000+00:00,2014,4,2014-04,4.6,"50 km E of Grand-Bourg, Guadeloupe",Montserrat,MSR,171.80004965433014,84.51638877985086
usb000qqlq,2014-05-16 11:01:40.020000+00:00,2014,5,2014-05,5.9,"114 km NE of Beauséjour, Guadeloupe",Montserrat,MSR,202.38550483818105,323.98541525741433
usc000rate,2014-05-16 11:07:53.280000+00:00,2014,5,2014-05,4.7,"111 km NE of Beauséjour, Guadeloupe",Montserrat,MSR,196.9353514740552,83.62965743317883
usb000qqm7,2014-05-16 11:12:03.980000+00:00,2014,5,2014-05,5.0,"118 km NE of Beauséjour, Guadeloupe",Montserrat,MSR,206.13375179363686,112.82003894604611
usb000qqpa,2014-05-16 12:30:20.840000+00:00,2014,5,2014-05,4.9,"115 km NE of Beauséjour, Guadeloupe",Montserrat,MSR,200.50884897381914,103.41905536585224
usb000qqpi,2014-05-16 12:34:52.890000+00:00,2014,5,2014-05,4.6,"117 km NE of Beauséjour, Guadeloupe",Montserrat,MSR,207.32007614376786,70.76364167756394
usb000qrak,2014-05-16 16:52:24.430000+00:00,2014,5,2014-05,4.7,"106 km NE of Beauséjour, Guadeloupe",Montserrat,MSR,193.23427911943634,85.1916626595794
usb000qsj7,2014-05-17 14:47:34.970000+00:00,2014,5,2014-05,4.6,"122 km NE of Beauséjour, Guadeloupe",Montserrat,MSR,210.60944850582254,69.60932034357232
usc000rm02,2014-06-25 18:41:32.600000+00:00,2014,6,2014-06,4.6,"71 km NNE of The Valley, Anguilla",Montserrat,MSR,240.48858521899913,59.94951478571485
usb000rrim,2014-07-10 12:55:00.460000+00:00,2014,7,2014-07,4.5,"36 km SSW of Soufrière, Dominica",Montserrat,MSR,213.96174484021927,61.00816666922124
pr14225000,2014-08-13 03:05:16.400000+00:00,2014,8,2014-08,4.6,"37 km NNE of Culebra, Puerto Rico",Montserrat,MSR,393.4827674650702,27.897354863166072
usb000scr4,2014-09-15 21:09:06.450000+00:00,2014,9,2014-09,5.2,"78 km ESE of Le Vauclin, Martinique",Montserrat,MSR,350.0102073501636,69.17712227733209
usc000t4f6,2014-12-07 15:35:44.980000+00:00,2014,12,2014-12,5.0,"62 km E of Dennery, Saint Lucia",Montserrat,MSR,385.66245904228174,45.97742141912679
usc000t8gv,2014-12-19 19:49:30.080000+00:00,2014,12,2014-12,5.6,"4 km SSW of Pointe-Noire, Guadeloupe",Montserrat,MSR,68.03651161788736,449.0147339754279
usc000ttzg,2015-02-28 12:28:03.730000+00:00,2015,2,2015-02,4.6,"1 km SSE of Pont Cassé, Dominica",Montserrat,MSR,178.03153807478827,81.923675195596
pr15079011,2015-03-20 12:18:56.900000+00:00,2015,3,2015-03,4.6,"100 km NE of Cruz Bay, U.S. Virgin Islands",Montserrat,MSR,342.05441028260765,36.07765369571477
us100028ye,2015-05-14 14:16:50.250000+00:00,2015,5,2015-05,4.6,"48 km E of Dennery, Saint Lucia",Montserrat,MSR,364.21370227987893,32.293862687091384
us20002y64,2015-07-17 18:06:34.140000+00:00,2015,7,2015-07,4.6,"99 km NE of Greenland, Barbados",Montserrat,MSR,469.100938536776,19.11438171724266
pr15231003,2015-08-19 11:04:26.700000+00:00,2015,8,2015-08,4.8,"157 km NNE of Cruz Bay, U.S. Virgin Islands",Montserrat,MSR,416.44100894743787,31.311930105268786
us1000347e,2015-08-22 13:03:10.590000+00:00,2015,8,2015-08,4.9,"71 km ESE of Le Vauclin, Martinique",Montserrat,MSR,341.64753086366835,51.064820889163194
us10003pvy,2015-10-20 13:57:50.080000+00:00,2015,10,2015-10,4.6,"105 km NE of Codrington, Antigua and Barbuda",Montserrat,MSR,207.52404686728025,70.69150990978142
us200041nd,2015-11-03 17:32:05.790000+00:00,2015,11,2015-11,4.8,"4 km SE of Pont Cassé, Dominica",Montserrat,MSR,181.31356266851645,101.45713660631299
us100040lx,2015-11-24 02:06:35.280000+00:00,2015,11,2015-11,4.6,"61 km E of Le Vauclin, Martinique",Montserrat,MSR,329.56748145977355,38.40195257420106
us10004a1v,2015-12-28 06:55:29.880000+00:00,2015,12,2015-12,5.6,"20 km WSW of Saint-Pierre, Martinique",Montserrat,MSR,250.47807924376127,180.3407044261442
us10004ey8,2016-01-15 19:29:40.320000+00:00,2016,1,2016-01,4.6,"145 km NNE of Cruz Bay, U.S. Virgin Islands",Montserrat,MSR,408.666985575555,25.857760948450355
us20004w63,2016-01-31 16:42:06.350000+00:00,2016,1,2016-01,4.8,"5 km W of Capesterre-Belle-Eau, Guadeloupe",Montserrat,MSR,94.10271675870194,156.91286313483957
us20004wi2,2016-02-02 07:18:34.710000+00:00,2016,2,2016-02,4.9,"47 km ENE of La Trinité, Martinique",Montserrat,MSR,268.8097832223583,73.4999379296312
us20005br2,2016-03-18 13:42:17.850000+00:00,2016,3,2016-03,4.6,Leeward Islands,Montserrat,MSR,202.44254336741108,72.51061732853124
us20005azy,2016-03-19 11:26:33.230000+00:00,2016,3,2016-03,6.0,"126 km ENE of Codrington, Antigua and Barbuda",Montserrat,MSR,214.29429251574044,342.50416438046216
us20005bq0,2016-03-22 14:09:35.550000+00:00,2016,3,2016-03,4.7,"30 km NE of Parham, Antigua and Barbuda",Montserrat,MSR,86.5275907264568,145.24718496196883
us10005ctx,2016-05-01 10:35:36.500000+00:00,2016,5,2016-05,4.8,"55 km NNE of Codrington, Antigua and Barbuda",Montserrat,MSR,160.97377116762948,112.3181385439342
us10005gcd,2016-05-01 16:36:44.430000+00:00,2016,5,2016-05,4.6,"64 km NNE of Codrington, Antigua and Barbuda",Montserrat,MSR,170.51098920581978,85.06288171419108
us10005fv2,2016-05-08 13:48:04.660000+00:00,2016,5,2016-05,4.9,"16 km E of Codrington, Antigua and Barbuda",Montserrat,MSR,111.64080867018899,161.27797588442579
us10006c15,2016-08-08 10:15:55.950000+00:00,2016,8,2016-08,4.5,"23 km SSW of Codrington, Antigua and Barbuda",Montserrat,MSR,78.52348946119682,120.08490231868483
us10006qua,2016-09-19 14:33:31.030000+00:00,2016,9,2016-09,4.5,"36 km SSW of Soufrière, Dominica",Montserrat,MSR,215.1701775051219,60.640656757610294
us20007f6l,2016-10-18 22:08:14.400000+00:00,2016,10,2016-10,5.6,"14 km WSW of Pointe Michel, Dominica",Montserrat,MSR,183.32805130349558,252.29473915046194
us20007gpu,2016-10-25 18:45:34.090000+00:00,2016,10,2016-10,4.6,"4 km NNE of Le Gosier, Guadeloupe",Montserrat,MSR,91.22772919308129,126.44495408876236
us1000725g,2016-10-26 17:50:38.170000+00:00,2016,10,2016-10,4.7,"66 km E of Codrington, Antigua and Barbuda",Montserrat,MSR,151.41224830210848,105.00560472071378
us100075vn,2016-11-06 18:27:13.800000+00:00,2016,11,2016-11,4.8,"61 km NNE of Beauséjour, Guadeloupe",Montserrat,MSR,141.89204684370807,123.56211547858776
us100079c0,2016-11-17 09:53:58.850000+00:00,2016,11,2016-11,4.5,"15 km NW of Basse-Pointe, Martinique",Montserrat,MSR,223.90098701040264,58.05039567251046
us10007egf,2016-12-02 22:11:59+00:00,2016,12,2016-12,4.5,"64 km ENE of La Trinité, Martinique",Montserrat,MSR,271.8603206650324,45.67334447784713
pr16340016,2016-12-05 14:29:54.300000+00:00,2016,12,2016-12,4.6,"9 km S of Emajagua, Puerto Rico",Montserrat,MSR,428.73874146568687,23.38867677067666
us20008hh9,2017-02-03 19:54:22.550000+00:00,2017,2,2017-02,5.8,"59 km ENE of Sainte-Marie, Martinique",Montserrat,MSR,259.79303265668005,216.70383515955285
us1000882u,2017-03-10 06:01:17.050000+00:00,2017,3,2017-03,4.5,"12 km N of Dieppe Bay Town, Saint Kitts and Nevis",Montserrat,MSR,106.12234012112819,104.6064024481499
us10008hxr,2017-04-15 18:16:19.210000+00:00,2017,4,2017-04,4.5,"66 km ESE of Codrington, Antigua and Barbuda",Montserrat,MSR,129.83777643721834,92.9096557130901
us10008iaa,2017-04-17 05:23:15.060000+00:00,2017,4,2017-04,5.6,"76 km ESE of Codrington, Antigua and Barbuda",Montserrat,MSR,136.77580270319893,318.4161728691682
us10008ib1,2017-04-17 06:25:10.470000+00:00,2017,4,2017-04,4.8,"78 km ESE of Codrington, Antigua and Barbuda",Montserrat,MSR,141.31307629798172,123.92032784159797
us20009zpl,2017-07-22 09:41:04.140000+00:00,2017,7,2017-07,4.7,"194 km N of Charlotte Amalie, U.S. Virgin Islands",Montserrat,MSR,497.79441577265095,18.580318766548
us2000an74,2017-09-15 10:58:30.970000+00:00,2017,9,2017-09,4.6,"56 km ENE of La Trinité, Martinique",Montserrat,MSR,266.4579120235801,52.64946903734762
us2000awmj,2017-09-19 11:57:58.310000+00:00,2017,9,2017-09,4.5,"31 km WSW of Codrington, Antigua and Barbuda",Montserrat,MSR,83.89306055674062,116.90377452519868
us2000bv7g,2017-11-28 00:12:43.420000+00:00,2017,11,2017-11,4.8,"84 km N of Codrington, Antigua and Barbuda",Montserrat,MSR,186.49439046450496,98.86272491418818
us1000bvnl,2017-12-24 15:12:52.890000+00:00,2017,12,2017-12,4.8,"29 km ESE of The Valley, Anguilla",Montserrat,MSR,164.49851795809155,110.35601431530876
us2000czm4,2018-02-09 16:50:05.880000+00:00,2018,2,2018-02,4.5,"84 km N of Charlotte Amalie, U.S. Virgin Islands",Montserrat,MSR,400.03328877522245,24.062389392460943
us2000czp4,2018-02-09 17:43:37.190000+00:00,2018,2,2018-02,5.2,"111 km N of Codrington, Antigua and Barbuda",Montserrat,MSR,213.27815087809262,137.0478983057482
us2000dd70,2018-03-06 17:54:30.100000+00:00,2018,3,2018-03,4.5,"109 km N of Culebra, Puerto Rico",Montserrat,MSR,447.3414669159068,18.993733797846275
us2000duxi,2018-04-05 11:26:59.550000+00:00,2018,4,2018-04,4.9,"50 km N of Beauséjour, Guadeloupe",Montserrat,MSR,123.18403784863796,152.23315934129454
us2000dvsj,2018-04-06 21:21:13.680000+00:00,2018,4,2018-04,4.7,"43 km NNE of Cruz Bay, U.S. Virgin Islands",Montserrat,MSR,352.10990088398694,38.49488841801809
us2000dxub,2018-04-11 01:00:25.750000+00:00,2018,4,2018-04,4.5,"94 km N of Cruz Bay, U.S. Virgin Islands",Montserrat,MSR,387.75453479368286,25.585960555970814
us2000e1rz,2018-04-17 20:26:51.940000+00:00,2018,4,2018-04,4.7,"4 km SE of Parham, Antigua and Barbuda",Montserrat,MSR,56.53868817410736,168.7437897620659
us1000dtsw,2018-04-28 03:30:03.140000+00:00,2018,4,2018-04,4.5,"77 km ESE of Le Vauclin, Martinique",Montserrat,MSR,346.6619761335922,31.42194639547229
us1000h3s0,2018-09-28 12:32:43.570000+00:00,2018,9,2018-09,5.4,"74 km ENE of Sainte-Marie, Martinique",Montserrat,MSR,266.80424330542974,132.02067439898028
us1000hqas,2018-11-10 16:25:43.160000+00:00,2018,11,2018-11,4.5,"81 km E of Codrington, Antigua and Barbuda",Montserrat,MSR,155.0910404923327,81.88872035532708
pr2018318000,2018-11-14 00:10:33.100000+00:00,2018,11,2018-11,4.9,"143 km N of Charlotte Amalie, U.S. Virgin Islands",Montserrat,MSR,459.47719358922717,28.330742143727864
us2000j6u9,2019-01-21 14:42:48.210000+00:00,2019,1,2019-01,4.5,"9 km S of Petites Anses, Guadeloupe",Montserrat,MSR,120.01578578803066,97.58634055516607
pr2019049011,2019-02-18 23:38:06.820000+00:00,2019,2,2019-02,4.8,"127 km N of Charlotte Amalie, U.S. Virgin Islands",Montserrat,MSR,433.2270458817403,28.791177222780323
pr2019071006,2019-03-12 13:08:57.170000+00:00,2019,3,2019-03,4.6,"3 km SSW of Jobos, Puerto Rico",Montserrat,MSR,461.00321737581277,19.90417735439635
us60004vbf,2019-07-25 10:15:09.124000+00:00,2019,7,2019-07,4.6,"30 km SSE of Beauséjour, Guadeloupe",Montserrat,MSR,149.11517111459904,94.66741537127419
pr2019243005,2019-08-31 08:45:14.180000+00:00,2019,8,2019-08,4.9,"127 km NE of Cruz Bay, U.S. Virgin Islands",Montserrat,MSR,335.07273712128136,52.77142189685539
us70005fy3,2019-09-13 16:27:19.334000+00:00,2019,9,2019-09,4.8,"39 km SSW of Soufrière, Dominica",Montserrat,MSR,213.83376440056662,86.23148801657234
pr2019279014,2019-10-06 15:10:44.220000+00:00,2019,10,2019-10,4.96,"153 km N of Cruz Bay, U.S. Virgin Islands",Montserrat,MSR,427.7938450180406,35.56783810597198
us70005rgt,2019-10-07 01:02:14.451000+00:00,2019,10,2019-10,4.6,"139 km N of Cruz Bay, U.S. Virgin Islands",Montserrat,MSR,416.68021468049216,24.842220383348423
us70006re9,2019-12-27 01:37:45.465000+00:00,2019,12,2019-12,4.5,"61 km NNE of Beauséjour, Guadeloupe",Montserrat,MSR,138.48222669676514,88.97943946112254
us70006wc3,2020-01-08 14:01:52.251000+00:00,2020,1,2020-01,4.8,"4 km S of Berekua, Dominica",Montserrat,MSR,195.52105235727123,94.49991749205353
us70006zyx,2020-01-15 00:17:06.507000+00:00,2020,1,2020-01,4.8,"18 km SE of Berekua, Dominica",Montserrat,MSR,210.7702838516449,87.5624982338871
us70007k89,2020-02-06 21:10:53.862000+00:00,2020,2,2020-02,4.6,"45 km NNE of Beauséjour, Guadeloupe",Montserrat,MSR,129.18459902854673,104.58736164357342
us70007lhu,2020-02-08 11:20:35.363000+00:00,2020,2,2020-02,4.6,"208 km ENE of Beauséjour, Guadeloupe",Montserrat,MSR,319.8569087280918,40.31248289500088
us60008add,2020-02-29 18:16:25.317000+00:00,2020,2,2020-02,4.5,"11 km NW of Sainte-Rose, Guadeloupe",Montserrat,MSR,53.39824120672872,136.15926315552798
us7000bd2u,2020-08-26 05:03:42.847000+00:00,2020,8,2020-08,4.6,"7 km W of Sainte-Luce, Martinique",Montserrat,MSR,285.5084223458202,47.865912016857784
pr2020281016,2020-10-07 18:24:34.620000+00:00,2020,10,2020-10,5.3,"67 km ESE of Cruz Bay, U.S. Virgin Islands",Montserrat,MSR,270.9100768893584,115.27264079384886
pr2020283000,2020-10-09 01:21:24.710000+00:00,2020,10,2020-10,4.5,"85 km ENE of Saint Croix, U.S. Virgin Islands",Montserrat,MSR,241.7733795868994,53.08792818759626
us6000c6ya,2020-10-09 04:14:03.690000+00:00,2020,10,2020-10,4.6,"56 km NNE of Nicola Town, Saint Kitts and Nevis",Montserrat,MSR,122.3992117689699,108.19656888406878
us7000cael,2020-11-04 18:47:32.664000+00:00,2020,11,2020-11,4.5,"40 km SSW of Soufrière, Dominica",Montserrat,MSR,214.16383755253452,60.94655127514133
pr2020323008,2020-11-18 11:59:09.090000+00:00,2020,11,2020-11,4.54,"71 km NNW of Charlotte Amalie, U.S. Virgin Islands",Montserrat,MSR,408.5647772339212,24.144202156177343
pr2020331007,2020-11-26 07:07:45.470000+00:00,2020,11,2020-11,4.71,"105 km N of Charlotte Amalie, U.S. Virgin Islands",Montserrat,MSR,429.09526090133204,26.499121711861584
us6000d3lw,2020-12-28 08:25:34.648000+00:00,2020,12,2020-12,4.6,"175 km NE of Codrington, Antigua and Barbuda",Montserrat,MSR,281.52105937894413,48.82978216585257
pr2021024007,2021-01-24 23:21:41.140000+00:00,2021,1,2021-01,5.4,"76 km E of Cruz Bay, U.S. Virgin Islands",Montserrat,MSR,266.9054118556205,131.95390958553156
pr2021037002,2021-02-06 07:05:02.490000+00:00,2021,2,2021-02,4.99,"90 km N of Charlotte Amalie, U.S. Virgin Islands",Montserrat,MSR,399.33352080950056,42.44810211206625
pr2021068003,2021-03-09 04:44:04.160000+00:00,2021,3,2021-03,4.8,"58 km N of Culebra, Puerto Rico",Montserrat,MSR,416.96416258879077,31.230132382588152
us6000dwkd,2021-03-26 04:51:38.912000+00:00,2021,3,2021-03,5.8,"65 km NE of Beauséjour, Guadeloupe",Montserrat,MSR,157.58064302058904,361.25842269726155
us6000dwq3,2021-03-26 13:19:37.925000+00:00,2021,3,2021-03,4.9,"57 km NE of Beauséjour, Guadeloupe",Montserrat,MSR,151.951254133519,131.83843651958816
us6000e3hp,2021-04-21 19:43:51.713000+00:00,2021,4,2021-04,4.5,"40 km WSW of Codrington, Antigua and Barbuda",Montserrat,MSR,81.89492012474,118.07757912040505
us7000eavv,2021-06-07 20:15:38.453000+00:00,2021,6,2021-06,4.6,"104 km NNW of The Valley, Anguilla",Montserrat,MSR,296.80397389966214,45.2374753681035
us7000f9vl,2021-09-10 00:43:18.950000+00:00,2021,9,2021-09,4.8,"54 km NE of Anse-Bertrand, Guadeloupe",Montserrat,MSR,111.72408750707487,143.67930762160557
us7000fe9z,2021-09-25 03:12:13.758000+00:00,2021,9,2021-09,4.8,"54 km NE of Anse-Bertrand, Guadeloupe",Montserrat,MSR,109.82298183290698,145.0515670494329
pr2021281003,2021-10-08 18:28:23.970000+00:00,2021,10,2021-10,4.8,"13 km SE of Esperanza, Puerto Rico",Montserrat,MSR,380.8255153271455,37.41518531761469
us6000fx3j,2021-10-23 22:47:27.117000+00:00,2021,10,2021-10,4.6,"36 km NW of Saint John’s, Antigua and Barbuda",Montserrat,MSR,57.30298509594407,149.81943291542072
us7000fqmp,2021-11-01 22:08:17.544000+00:00,2021,11,2021-11,5.0,Leeward Islands,Montserrat,MSR,188.71366880307687,123.0873650833494
us7000gl0d,2022-02-15 08:03:00.157000+00:00,2022,2,2022-02,5.0,"37 km NNE of Anse-Bertrand, Guadeloupe",Montserrat,MSR,89.65366054633655,201.98520047731952
us7000gx73,2022-03-25 12:41:31.433000+00:00,2022,3,2022-03,4.5,"59 km NNE of Beauséjour, Guadeloupe",Montserrat,MSR,138.73573982607556,88.86672363285994
us6000hfe3,2022-04-21 19:30:09.394000+00:00,2022,4,2022-04,4.6,"20 km NW of Basse-Pointe, Martinique",Montserrat,MSR,218.3554746872938,66.96488251742694
pr2022128001,2022-05-08 13:32:58.400000+00:00,2022,5,2022-05,5.5,"84 km NNE of Cruz Bay, U.S. Virgin Islands",Montserrat,MSR,348.22046813540885,98.59363098568235
us6000hmw7,2022-05-21 10:33:19.227000+00:00,2022,5,2022-05,4.6,"186 km NNE of The Valley, Anguilla",Montserrat,MSR,330.4729505739506,38.22848663072848
us7000hc2d,2022-05-23 23:20:23.411000+00:00,2022,5,2022-05,4.6,"193 km NNE of The Valley, Anguilla",Montserrat,MSR,335.51033209829495,37.277653803998305
us7000hdcn,2022-05-29 00:06:12.638000+00:00,2022,5,2022-05,4.6,"180 km NE of The Valley, Anguilla",Montserrat,MSR,321.5447410012761,39.97371083343007
us7000hg2d,2022-06-09 01:09:44.673000+00:00,2022,6,2022-06,4.7,"179 km NNE of The Valley, Anguilla",Montserrat,MSR,324.18188249155753,44.26372779859041
us7000hi2s,2022-06-17 10:48:12.013000+00:00,2022,6,2022-06,5.1,"26 km NNE of The Valley, Anguilla",Montserrat,MSR,209.5686523392949,124.43067399568466
us6000i34n,2022-07-17 00:11:48.642000+00:00,2022,7,2022-07,4.5,"51 km NE of La Trinité, Martinique",Montserrat,MSR,262.2260894391757,47.92733511188608
us7000i74a,2022-09-11 02:22:16.335000+00:00,2022,9,2022-09,4.9,"92 km ESE of Beauséjour, Guadeloupe",Montserrat,MSR,222.79027647594086,92.51604560322511
us6000ip1x,2022-09-28 19:48:40.021000+00:00,2022,9,2022-09,5.2,"22 km ENE of Codrington, Antigua and Barbuda",Montserrat,MSR,120.05940941513987,218.4209566684233
us7000isb6,2022-11-25 13:48:26.936000+00:00,2022,11,2022-11,4.6,Leeward Islands,Montserrat,MSR,175.90556486845438,82.7991577753369
us6000j6er,2022-12-02 19:45:29.213000+00:00,2022,12,2022-12,4.5,"90 km E of Codrington, Antigua and Barbuda",Montserrat,MSR,152.89344705783316,82.79347251696367
us6000j6f4,2022-12-02 20:43:33.101000+00:00,2022,12,2022-12,4.5,"87 km E of Codrington, Antigua and Barbuda",Montserrat,MSR,153.13733014498797,82.69257440945277
us6000jagb,2022-12-20 06:33:22.968000+00:00,2022,12,2022-12,5.2,"94 km E of Codrington, Antigua and Barbuda",Montserrat,MSR,176.51494396993917,164.7034397544464
us6000jage,2022-12-20 06:38:18.448000+00:00,2022,12,2022-12,4.7,"93 km E of Codrington, Antigua and Barbuda",Montserrat,MSR,172.2176434262661,94.63115457674702
us6000jaj2,2022-12-20 12:19:52.185000+00:00,2022,12,2022-12,4.8,"98 km E of Codrington, Antigua and Barbuda",Montserrat,MSR,177.010006414766,103.66392654415911
us6000jaj6,2022-12-20 12:28:08.609000+00:00,2022,12,2022-12,5.2,"95 km E of Codrington, Antigua and Barbuda",Montserrat,MSR,173.40965717846194,167.28065252238457
us7000j5sc,2023-01-20 11:23:40.603000+00:00,2023,1,2023-01,6.1,"40 km WSW of Pointe-Noire, Guadeloupe",Montserrat,MSR,62.18344873304325,822.1865287767988
pr2023027001,2023-01-27 11:06:54.630000+00:00,2023,1,2023-01,4.6,"70 km NE of Cruz Bay, U.S. Virgin Islands",Montserrat,MSR,329.2344034798076,38.465960082086596
us6000jkyr,2023-02-02 13:13:23.409000+00:00,2023,2,2023-02,4.6,Leeward Islands,Montserrat,MSR,133.26431235479703,102.4755416557851
us6000jnha,2023-02-12 19:28:44.484000+00:00,2023,2,2023-02,4.6,Leeward Islands,Montserrat,MSR,129.02103529464082,104.67293012550418
us6000jpks,2023-02-17 09:17:00.336000+00:00,2023,2,2023-02,4.5,"192 km NNE of The Valley, Anguilla",Montserrat,MSR,350.03497097087904,30.896459695612958
us6000jr7i,2023-02-24 07:02:59.294000+00:00,2023,2,2023-02,4.5,"48 km NW of Sandy Ground Village, Anguilla",Montserrat,MSR,240.7271541028755,53.36636554010468
us6000k4vb,2023-04-16 09:49:50.983000+00:00,2023,4,2023-04,5.2,"39 km ENE of Codrington, Antigua and Barbuda",Montserrat,MSR,138.3875577533458,199.29446467861877
us6000k4vv,2023-04-16 11:22:21.975000+00:00,2023,4,2023-04,4.7,"4 km SSW of Grand-Bourg, Guadeloupe",Montserrat,MSR,133.82764423062414,114.65604658019541
us7000keq3,2023-07-10 20:28:26.195000+00:00,2023,7,2023-07,6.6,"278 km NNE of Codrington, Antigua and Barbuda",Montserrat,MSR,399.7086422561456,270.4230529695273
us7000knv6,2023-08-16 21:08:54.621000+00:00,2023,8,2023-08,4.5,North of the Virgin Islands,Montserrat,MSR,451.3953779790523,18.612614864256653
us6000lplj,2023-11-20 12:50:24.933000+00:00,2023,11,2023-11,4.9,"82 km ENE of The Valley, Anguilla",Montserrat,MSR,194.84064695559675,106.39198478026019
us7000lgyr,2023-12-02 03:00:13.669000+00:00,2023,12,2023-12,4.7,"63 km NE of Beauséjour, Guadeloupe",Montserrat,MSR,158.76012216347428,101.21777236794135
us7000lfa4,2023-12-02 03:00:45.062000+00:00,2023,12,2023-12,4.9,"65 km NE of Beauséjour, Guadeloupe",Montserrat,MSR,159.7671927963428,126.78560544776151
us7000lfbg,2023-12-02 08:48:24.312000+00:00,2023,12,2023-12,5.3,"38 km NE of Anse-Bertrand, Guadeloupe",Montserrat,MSR,102.38073847692834,267.72137764170867
us7000lfbs,2023-12-02 10:29:13.407000+00:00,2023,12,2023-12,4.5,"54 km N of Beauséjour, Guadeloupe",Montserrat,MSR,124.08321992272934,95.62175525746846
pr2023343002,2023-12-09 14:27:22.410000+00:00,2023,12,2023-12,5.7,"74 km NE of Cruz Bay, U.S. Virgin Islands",Montserrat,MSR,341.99703123182053,128.04507608921787
us7000lugr,2024-01-28 03:52:49.610000+00:00,2024,1,2024-01,4.5,"190 km NE of The Valley, Anguilla",Montserrat,MSR,307.1980279903739,38.27612444955305
pr2024029005,2024-01-29 20:00:52.820000+00:00,2024,1,2024-01,4.6,"99 km N of Charlotte Amalie, U.S. Virgin Islands",Montserrat,MSR,417.7384006807856,24.711129037599644
pr2024030006,2024-01-30 16:27:00.010000+00:00,2024,1,2024-01,4.6,"93 km N of Charlotte Amalie, U.S. Virgin Islands",Montserrat,MSR,414.82835438262623,25.073310205678588
pr2024119002,2024-04-28 12:23:31.190000+00:00,2024,4,2024-04,4.9,"82 km N of Charlotte Amalie, U.S. Virgin Islands",Montserrat,MSR,397.2168962471017,38.67715039522502
us6000mx8v,2024-05-08 14:43:57.404000+00:00,2024,5,2024-05,4.6,"32 km SSE of Falmouth, Antigua and Barbuda",Montserrat,MSR,57.453428179478855,149.7067788035064
pr2024314000,2024-11-09 10:15:46.730000+00:00,2024,11,2024-11,4.68,"142 km NNE of Vieques, Puerto Rico",Montserrat,MSR,479.46878139586454,19.899711032134388
us7000ns2h,2024-11-15 21:11:49.989000+00:00,2024,11,2024-11,5.0,"36 km ENE of Codrington, Antigua and Barbuda",Montserrat,MSR,134.32214130312644,161.5560313716554
us7000ns58,2024-11-16 09:50:15.653000+00:00,2024,11,2024-11,4.6,"37 km ENE of Codrington, Antigua and Barbuda",Montserrat,MSR,133.85635329975796,102.17264161744902
pr2024338004,2024-12-03 09:32:17.420000+00:00,2024,12,2024-12,4.65,"137 km N of Culebra, Puerto Rico",Montserrat,MSR,467.0245183509248,20.458281205770128
